UNITID,INSTNM,PREDDEG,NPT4_PUB,NPT41_PUB,NPT42_PUB,NPT43_PUB,NPT44_PUB,NPT45_PUB,RET_FTL4,RET_PTL4,GRAD_DEBT_MDN_SUPP,GRAD_DEBT_MDN10YR_SUPP,RPY_3YR_RT_SUPP,C200_L4_POOLED_SUPP,md_earn_wne_p10,gt_25k_p6,POOR_Prop,Tot_Grant,Avg_Income_Low,Tot_Students,GG_NO_re
101028,Chattahoochee Valley Community College,2,1873,1110,2223,3296,6215,5940,0.5165,0.3293,7000,77.71435,0.528708134,0.239854244,27700,0.428770959,0.64874552,6394441,102138,2587,-0.077516479
101143,Enterprise State Community College,2,5048,4486,4699,7476,9713,10060,0.5411,0.45,11073,122.9329997,0.554301834,0.338283629,26300,0.489614248,0.656565657,6373326,105629,3265,-0.146179905
101161,James H Faulkner State Community College,2,7404,6474,6901,9452,10286,10846,0.5211,0.3981,9153,101.6170637,0.590852905,0.164098246,28900,0.433466136,0.575671853,12435700,107635,6635,-0.009137989
101295,George C Wallace State Community College-Hanceville,2,6628,6299,6229,8750,9756,8657,0.6368,0.5414,11330,125.7862265,0.606629393,0.310233833,27800,0.512655079,0.828220859,13507097,107594,7262,-0.340875938
101505,Jefferson State Community College,2,8799,7793,8912,11006,12606,12835,0.5235,0.4415,10000,111.0205,0.622807018,0.16483655,30300,0.493239284,0.629577465,14461525,109298,13578,-0.122816749
101514,John C Calhoun State Community College,2,5278,3925,5268,7865,9495,9550,0.5749,0.468,9940,110.354377,0.543043812,0.156614362,27200,0.464605749,0.583802025,20493633,105439,16800,-0.048407774
101736,Northwest-Shoals Community College,2,4678,4021,5158,6514,8568,7336,0.5263,0.3116,11500,127.673575,0.509727626,0.203530533,26300,0.395963818,0.677876106,10260937,105757,5500,-0.073839924
105145,GateWay Community College,1,8106,7530,8288,9579,12434,12423,0.5534,0.402,6946,77.1148393,0.585662759,0.215044,29800,0.590909064,0.691983122,10041933,112675,10444,-0.282892186
105428,Phoenix College,1,8091,7595,8483,10391,12205,12521,0.6033,0.3367,11373,126.2636147,0.465587045,0.220256784,32500,0.512152016,0.700361011,25754407,113023,19008,-0.212513027
106148,Yavapai College,1,8254,7342,8739,9562,12360,12610,0.6258,0.3492,10926,121.3009983,0.528830313,0.215899338,28200,0.4427481,0.576923077,11660295,113490,11518,-0.019671177
106625,Black River Technical College,1,5481,4969,5616,7888,9680,10546,0.5913,0.4789,10559,117.226546,0.483146067,0.294742959,26600,0.373368144,0.699088146,6996880,111594,3148,-0.07245629
106980,National Park Community College,2,8691,8415,8515,10134,6590,12132,0.4866,0.3258,18477,205.1325779,0.387776607,0.316078613,25000,0.381194413,0.7,9858970,115395,4191,-0.081194413
107585,University of Arkansas Community College-Morrilton,2,6770,5940,6822,8660,9541,10039,0.5472,0.4071,9500,105.469475,0.625225225,0.256442923,25600,0.463087261,0.6,5677655,113525,2892,-0.063087261
107664,Pulaski Technical College,2,13349,12906,14309,15461,15337,15420,0.5149,0.495,22862.5,253.8206181,0.374428354,0.185090641,28700,0.452380955,0.770423992,32908373,120570,14406,-0.222804947
126207,Aims Community College,1,9053,7958,8037,11387,12818,13308,0.5421,0.3529,9750,108.2449875,0.552416824,0.240679979,31700,0.548032939,0.559139785,10141620,134165,7253,-0.107172724
126289,Arapahoe Community College,1,8792,6560,8202,10360,12517,12786,0.5466,0.4483,11788,130.8709654,0.643953575,0.242320588,35200,0.580589235,0.425454545,10400393,132849,19770,-0.00604378
126748,Colorado Northwestern Community College,2,10816,9304,9554,10928,12901,14233,0.4057,0.2667,16000,177.6328,0.601880878,0.267118836,38300,0.566265047,0.356164384,1607791,136052,1778,0.077570569
126863,Community College of Aurora,2,12960,12588,13314,14042,15881,11738,0.5321,0.3842,10500,116.571525,0.561566203,0.223891927,32000,0.525299013,0.715083799,10827639,139451,11956,-0.240382812
126915,Delta Montrose Technical College,1,6820,5974,5839,7103,11003,11003,0.8667,0.914,4750,52.7347375,0.661417323,0.940507937,23600,0.567307711,0.4,391412,132889,840,0.032692289
127200,Front Range Community College,1,10131,8329,9469,12340,13719,14324,0.5718,0.4099,14700,163.200135,0.630633932,0.225706213,35400,0.550981879,0.497395833,27836473,135529,31470,-0.048377712
127617,Morgan Community College,1,10880,10234,9780,11795,16058,16058,0.5821,0.4946,11225,124.6205113,0.599496222,0.396839683,29600,0.530864179,0.6,2489736,137851,2469,-0.130864179
127732,Northeastern Junior College,2,11743,9416,10963,13619,14860,15061,0.5884,0.2553,8250,91.5919125,0.619883041,0.360356757,34200,0.512670577,0.385964912,3611850,137148,2759,0.101364511
127778,Otero Junior College,1,10667,9765,10294,11697,13945,14154,0.5305,0.4205,9397.5,104.3315149,0.419444444,0.460073384,28900,0.415860742,0.5,4068807,137543,2121,0.084139258
127820,Pikes Peak Community College,2,9607,8477,9313,11969,14219,14672,0.5311,0.3423,10500,116.571525,0.564738937,0.219029845,29900,0.485839635,0.588103255,26761207,136297,20955,-0.07394289
127884,Pueblo Community College,1,9205,8566,9520,11824,13920,14349,0.5993,0.4183,12500,138.775625,0.440151515,0.29605387,26900,0.415577352,0.737313433,14223052,136450,10331,-0.152890785
127909,Red Rocks Community College,1,10017,8173,9184,11874,13846,14046,0.5733,0.4064,11750,130.4490875,0.624466572,0.27250901,34600,0.55725193,0.503333333,11622987,136082,14889,-0.060585263
128258,Trinidad State Junior College,1,10875,9896,11112,12055,12789,14208,0.5792,0.4,6500,72.163325,0.542242704,0.54998,25000,0.42151162,0.521428571,4627422,138154,2515,0.057059809
128577,Asnuntuck Community College,1,6279,5242,5608,6322,9777,10520,0.7558,0.5125,5500,61.061275,0.658227848,0.40337563,32400,0.525139689,0.425742574,3448330,133819,2519,0.049117737
129695,Manchester Community College,2,4319,3782,4191,4685,7392,8916,0.6065,0.4458,4500,49.959225,0.775641026,0.219939652,33800,0.52068615,0.653846154,12775721,133477,10558,-0.174532304
129695,Manchester Community College,2,4319,3782,4191,4685,7392,8916,0.6065,0.4458,4500,49.959225,0.775641026,0.219939652,33800,0.52068615,0.493303571,12775721,133477,10558,-0.013989721
129729,Naugatuck Valley Community College,2,6145,5315,5965,6862,10340,10520,0.6018,0.4215,5375,59.67351875,0.735357918,0.178669537,32500,0.539598703,0.574509804,12985984,135044,9804,-0.114108507
129756,Middlesex Community College,2,4319,3698,4051,4357,5539,8847,0.6236,0.4036,5712.5,63.42046063,0.621359223,0.1718,30100,0.501170933,0.488755622,5067641,133454,4495,0.010073445
129756,Middlesex Community College,2,4319,3698,4051,4357,5539,8847,0.6236,0.4036,5712.5,63.42046063,0.621359223,0.1718,30100,0.501170933,0.560240964,5067641,133454,4495,-0.061411897
129808,Three Rivers Community College,2,4516,4501,4094,4380,4177,9055,0.6137,0.4575,10500,116.571525,0.756756757,0.158934272,32600,0.51268357,0.932384342,9121985,134309,6316,-0.445067912
129808,Three Rivers Community College,2,4516,4501,4094,4380,4177,9055,0.6137,0.4575,10500,116.571525,0.756756757,0.158934272,32600,0.51268357,0.715289982,9121985,134309,6316,-0.227973552
130396,Gateway Community College,2,6963,6183,7172,8560,10684,11208,0.5904,0.4443,6799.5,75.48838898,0.676211454,0.145299767,30200,0.522094905,0.631304348,16503447,136579,11792,-0.153399253
130606,Tunxis Community College,2,6811,6357,6738,6878,9655,11502,0.6164,0.4449,8500,94.367425,0.713017751,0.146014005,34300,0.520646334,0.545774648,7182766,136963,6569,-0.066420982
130891,Delaware Technical Community College-Owens,2,4535,3634,4711,6471,7271,8161,0.5921,0.3642,5943,65.97948315,0.643889619,0.205223568,28800,0.488648653,0.571428571,8367216,134525,5653,-0.060077224
130907,Delaware Technical Community College-Terry,2,5045,3495,4671,6566,7971,8138,0.5437,0.3167,8000,88.8164,0.603174603,0.181349372,29000,0.472992688,0.434210526,5428824,134402,4087,0.092796786
130916,Delaware Technical Community College-Stanton/Wilmington,2,4963,3871,4593,6719,8071,8203,0.5982,0.3394,7000,77.71435,0.707187223,0.113232331,33500,0.575414121,0.509569378,9285832,134787,9681,-0.084983499
136400,Pasco-Hernando Community College,2,6088,5240,6147,7763,9831,10355,0.6384,0.5,8298.5,92.13036193,0.544468547,0.39532391,29100,0.447164178,0.602755454,20576925,141640,14193,-0.049919632
137759,Tallahassee Community College,2,5020,3985,4918,6965,8432,8507,0.5872,0.5171,11000,122.12255,0.465207632,0.408948339,30900,0.441438347,0.588280648,29871088,141744,18728,-0.029718995
138682,Albany Technical College,1,485,186,481,5544,6867,6867,0.5488,0.3871,8232.5,91.39762663,0.230474732,0.549144786,22000,0.339459449,0.873626374,12595091,138868,6003,-0.213085823
138691,Darton State College,2,7155,6281,6929,9126,10820,10017,0.5621,0.4167,13934,154.6959647,0.486581097,0.162292875,31700,0.490566045,0.616940582,15947669,144972,8600,-0.107506627
139010,Bainbridge State College,1,4413,4031,4491,6379,8581,8336,0.5507,0.4128,15149.5,168.1905065,0.268698061,0.1445625,24200,0.351079136,0.783333333,9673333,143041,3686,-0.134412469
139700,Georgia Highlands College,2,5993,4759,5202,7919,9394,9298,0.6467,0.5515,9250,102.6939625,0.648285138,0.128255716,34100,0.53882575,0.503828484,11524839,144459,7287,-0.042654234
140012,Gwinnett Technical College,1,6336,5611,6342,8326,10153,9978,0.5473,0.5275,10281.5,114.1457271,0.593233674,0.322595081,33600,0.528017223,0.675159236,15301042,145623,10317,-0.203176459
141680,Honolulu Community College,2,4342,2946,4754,6986,7887,8091,0.6133,0.3243,5676,63.0152358,0.615853659,0.182457288,31200,0.506637156,0.536723164,5396398,144626,5949,-0.04336032
141796,Kapiolani Community College,2,4388,3484,4796,6334,8608,9242,0.6591,0.4354,10500,116.571525,0.69889065,0.213993886,33300,0.568750024,0.615942029,9025941,145280,11690,-0.184692053
141811,Leeward Community College,2,1816,860,1753,3601,5335,5204,0.647,0.3933,7500,83.265375,0.694968553,0.18996441,29700,0.481228679,0.568831169,9997441,142671,11133,-0.050059848
142179,Eastern Idaho Technical College,1,8164,7725,8550,10395,9718,12995,0.6216,0.4483,11593,128.7060657,0.717032967,0.607121429,28400,0.452531636,0.75,1799840,149904,1196,-0.202531636
142443,North Idaho College,2,9599,8941,9222,10606,11328,11139,0.5481,0.3746,15750,174.8572875,0.573148148,0.271207444,29000,0.470630884,0.508710801,14186191,151384,8193,0.020658315
142559,College of Southern Idaho,2,5904,5051,5122,7585,9775,10284,0.5627,0.3687,12592,139.7970136,0.569187324,0.237208056,26900,0.440997571,0.493939394,11630618,147610,12033,0.065063035
143215,Southwestern Illinois College,1,9503,8730,9561,10684,11120,10948,0.6434,0.4244,7376.5,81.89427183,0.538358608,0.307221838,26000,0.393629581,0.532125206,19817789,151945,20734,0.074245213
143279,Black Hawk College,2,5503,3995,5178,7309,9388,9938,0.5873,0.3814,6375,70.77556875,0.725090036,0.2392,29000,0.450946629,0.517333333,12335173,147274,11439,0.031720038
143613,Carl Sandburg College,2,2352,1565,2945,4611,6199,8961,0.507,0.3015,4500,49.959225,0.70694864,0.242192693,28800,0.453276038,0.641921397,4466547,145178,3653,-0.095197435
144193,City Colleges of Chicago-Richard J Daley College,1,4969,4571,5386,7055,9687,9687,0.4717,0.3819,6500,72.163325,0.661290323,0.142326748,29000,0.429065734,0.713498623,12007138,148764,15708,-0.142564357
144209,City Colleges of Chicago-Harold Washington College,1,4689,4183,5230,7336,9412,9503,0.5117,0.3949,6250,69.3878125,0.438735178,0.119255842,24900,0.371643901,0.730987514,24146247,148392,13699,-0.102631415
144564,Danville Area Community College,1,6793,6475,6799,9552,9090,9090,0.5635,0.3656,5962,66.1904221,0.633684211,0.330152892,24700,0.421853393,0.644808743,6309978,151039,9171,-0.066662136
144865,College of DuPage,2,9358,6591,7983,11323,12660,12788,0.6831,0.5271,10500,116.571525,0.650598043,0.174750616,35000,0.551517308,0.380128205,37926412,151456,47219,0.068354487
144944,Elgin Community College,1,4200,2566,3819,4964,7257,7801,0.767,0.5294,8003,88.84970615,0.639057751,0.349113333,31300,0.518635988,0.394799054,5541681,147510,17037,0.086564958
145521,Highland Community College,2,5535,4185,4812,7546,10024,10024,0.6139,0.3226,8991.5,99.82408258,0.543424318,0.349120259,25900,0.412698418,0.493617021,3464831,149706,4228,0.093684561
145521,Highland Community College,2,5535,4185,4812,7546,10024,10024,0.6139,0.3226,8991.5,99.82408258,0.543424318,0.349120259,25900,0.412698418,0.42295082,3464831,149706,4228,0.164350762
145682,Illinois Central College,2,6437,5272,6290,8766,9934,9948,0.6055,0.3197,6827.5,75.79924638,0.539355322,0.277682575,32000,0.47365877,0.59280303,12641335,150954,16085,-0.0664618
145707,Olney Central College,2,1055,-955,798,2829,5120,5143,0.687,0.3182,5250,58.2857625,0.722943723,0.422192,28200,0.425490201,0.426666667,4373406,144752,2258,0.147843132
145831,Illinois Valley Community College,1,6681,5663,6141,9279,11075,11075,0.6291,0.4677,10000,111.0205,0.668582375,0.386445618,28600,0.490297556,0.575757576,5968447,151494,6303,-0.066055132
146205,John A Logan College,2,4815,4590,5168,5385,5198,5735,0.5943,0.3415,3500,38.857175,0.604327666,0.273739936,25400,0.371495336,0.662162162,12244280,150795,17063,-0.033657498
146278,John Wood Community College,2,7859,6043,6268,10437,11061,11704,0.6074,0.3417,9060.5,100.590124,0.701461378,0.372869347,27800,0.45961538,0.420408163,3897452,152321,3054,0.119976457
146296,Joliet Junior College,2,5018,3866,5008,6478,7522,7938,0.6374,0.3534,8000,88.8164,0.566037736,0.167906551,29600,0.489809334,0.527559055,15408688,150162,25969,-0.017368389
146348,Kankakee Community College,2,5473,4604,5404,8302,8675,9830,0.6929,0.3579,9565.5,106.1966593,0.723463687,0.238350388,27900,0.452690154,0.582089552,8187974,150952,9292,-0.034779706
146418,Kishwaukee College,2,7158,5733,7201,9592,11530,11922,0.5962,0.4538,9000,99.91845,0.524146054,0.251752204,32200,0.497555017,0.586206897,13868564,152151,6870,-0.083761914
146472,College of Lake County,1,4581,3304,4116,6469,8336,8490,0.65,0.4192,7600,84.37558,0.634081902,0.200522799,31200,0.525400162,0.47654321,12757494,149776,28102,-0.001943372
146506,Lake Land College,1,5271,4070,5235,7626,9272,9506,0.6521,0.472,4500,49.959225,0.676180022,0.332754339,27700,0.462121218,0.560683761,8324228,150576,24961,-0.022804979
146603,Lewis and Clark Community College,2,6812,5848,6642,7567,7933,7931,0.6586,0.4675,4925,54.67759625,0.699534884,0.219965313,24900,0.414252162,0.401785714,11408011,152451,11325,0.183962124
146685,Lincoln Land Community College,1,5149,3703,4765,7730,9331,9062,0.6024,0.47,9052.5,100.5013076,0.577247191,0.251315771,29800,0.425096035,0.556896552,9121907,150388,13497,0.018007413
147004,McHenry County College,2,7890,5957,6629,9363,10456,10565,0.6749,0.4569,6750,74.9388375,0.687338501,0.3168,28400,0.515648305,0.337552743,7361367,152961,10690,0.146798952
147378,Moraine Valley Community College,2,4825,3368,4764,7318,9374,9651,0.6842,0.4138,9410,104.4702905,0.702842377,0.226253348,33000,0.483888596,0.512898331,26993835,150746,27929,0.003213073
147800,Oakton Community College,1,5629,4818,5896,7773,8949,9574,0.713,0.4359,5388,59.8178454,0.747524752,0.183686892,38500,0.520990312,0.543333333,8901631,152618,22619,-0.064323645
147916,Parkland College,2,6376,5942,6589,8329,10151,9698,0.5357,0.357,8459.5,93.91779198,0.527453064,0.233797376,31000,0.475592762,0.823416507,11823583,153858,21375,-0.299009269
148256,Rend Lake College,2,5789,4685,5719,7617,10508,9674,0.5899,0.5059,8200,91.03681,0.53625171,0.524101325,26200,0.433411211,0.569915254,4265755,152941,14686,-0.003326465
148672,Sauk Valley Community College,1,5829,4859,5587,7483,7673,8278,0.6523,0.5321,5500,61.061275,0.693920335,0.344445333,27700,0.456620991,0.426666667,4590092,153531,4003,0.116712342
149532,Triton College,2,4657,4038,4713,7079,8397,9066,0.4945,0.2628,7945.5,88.21133828,0.671698113,0.200300473,33000,0.50469166,0.605597964,16080082,153570,20004,-0.110289624
149842,Harper College,1,8500,7127,8129,10513,12152,12390,0.7857,0.4459,9500,105.469475,0.638644918,0.263810063,34600,0.554913282,0.479245283,13777664,156969,25512,-0.034158565
150987,Ivy Tech Community College,2,8911,7958,8746,11283,13101,13342,0.4898,0.3926,14000,155.4287,0.469222097,0.120722535,28400,0.504362047,0.639230139,201961236,158945,179191,-0.143592186
153214,Des Moines Area Community College,2,11064,9499,9942,12206,13715,13886,0.5282,0.352,11608,128.8725964,0.533098933,0.523148105,34500,0.576542616,0.44359577,28169972,162713,36879,-0.020138386
153311,Eastern Iowa Community College District,2,9368,7866,8586,10972,12902,13076,0.5809,0.4328,13700,152.098085,0.554649266,0.282949912,30000,0.474650353,0.512,12690507,161177,13591,0.013349647
153445,Hawkeye Community College,2,11530,9713,10153,12262,13836,13873,0.5991,0.3875,12529,139.0975845,0.644935065,0.447634951,34400,0.603981376,0.337724551,8942417,163158,9144,0.058294073
153472,Indian Hills Community College,2,10715,9443,10281,12371,13385,13231,0.5098,0.2344,12500,138.775625,0.512953368,0.297110855,31500,0.504012823,0.494672755,8387628,162915,6480,0.001314422
153524,Iowa Central Community College,2,7465,5584,6104,8681,10149,10344,0.5107,0.3562,11790,130.8931695,0.578479763,0.455595991,32700,0.552616775,0.383597884,11784466,159108,7669,0.063785341
153533,Iowa Lakes Community College,2,10195,8196,8615,10641,12794,13387,0.5624,0.1471,12000,133.2246,0.666063894,0.387805743,29700,0.566558421,0.308823529,5078441,161729,3806,0.12461805
153630,Iowa Western Community College,2,10382,8645,9232,11844,12912,13109,0.4601,0.3443,11718.5,130.0993729,0.62878518,0.239356029,34100,0.533957839,0.42776204,11700908,162275,9586,0.038280121
153737,Kirkwood Community College,2,11081,9269,9997,12189,14105,14195,0.5737,0.2726,13153,146.0252637,0.582474786,0.250789691,33600,0.586382508,0.424681344,23640340,163006,21889,-0.011063852
153922,Marshalltown Community College,2,9874,8546,9392,11653,12983,13162,0.5112,0.2935,12000,133.2246,0.534911243,0.279178271,30400,0.480063796,0.510822511,4354499,162468,2906,0.009113693
154059,North Iowa Area Community College,2,7894,6615,6338,8916,10604,10882,0.7893,0.2131,10000,111.0205,0.647984887,0.46587529,32400,0.541251123,0.37371134,4357871,160674,4014,0.085037537
154110,Northeast Iowa Community College-Calmar,2,10951,9156,9636,12510,14181,14244,0.6174,0.4403,12714,141.1514637,0.657634409,0.363838692,31000,0.552328765,0.438559322,6561180,163266,7153,0.009111913
154129,Northwest Iowa Community College,2,11508,8866,10288,12427,13867,14331,0.716,0.3421,9500,105.469475,0.781305115,0.619043064,38400,0.704491735,0.263157895,1727015,162995,2578,0.03235037
154378,Southeastern Community College,2,7822,6911,7656,9412,11605,11772,0.5467,0.4493,11450,127.1184725,0.571336761,0.320285366,26600,0.434210539,0.717514124,6262650,161289,4040,-0.151724663
154378,Southeastern Community College,2,7822,6911,7656,9412,11605,11772,0.5467,0.4493,11450,127.1184725,0.571336761,0.320285366,26600,0.434210539,0.647482014,6262650,161289,4040,-0.081692553
154572,Western Iowa Tech Community College,1,6655,5308,5564,7503,9089,9032,0.3763,0.4478,11612,128.9170046,0.605685465,0.258914563,29800,0.508411229,0.368298368,9524686,159880,8538,0.123290403
154642,Allen County Community College,1,5758,4287,5507,7010,8545,8757,0.5761,0.1813,8298,92.1248109,0.532381998,0.30010756,29300,0.498550713,0.460377358,4190554,158929,4578,0.041071929
154697,Barton County Community College,2,8279,7824,6654,9012,10574,10587,0.6012,0.2025,10094.5,112.0696437,0.616033755,0.36203445,30900,0.51404494,0.420091324,4962651,162521,16283,0.065863736
154800,Butler Community College,2,8550,7914,8431,9452,9673,8832,0.5832,0.3024,12000,133.2246,0.647575545,0.26284645,31400,0.511072516,0.441677588,15265293,162714,13595,0.047249896
154907,Cloud County Community College,1,5367,4070,4707,6684,7752,6892,0.5507,0.175,9000,99.91845,0.638636364,0.230240698,30500,0.49594596,0.39408867,3841746,158977,4014,0.10996537
154952,Cowley County Community College,2,9497,8409,9082,10873,12462,12715,0.5481,0.2395,8000,88.8164,0.589698046,0.318059637,30900,0.497322619,0.502772643,7943061,163361,5624,-9.53E-05
154998,Dodge City Community College,2,7181,6273,6609,8120,9558,10212,0.5134,0.48,8875,98.53069375,0.56768559,0.409179117,31400,0.497584552,0.436681223,4113126,161271,2620,0.065734225
155052,Flint Hills Technical College,1,15984,15032,15711,17197,18891,19991,0.6544,0.4556,11000,122.12255,0.68452381,0.729554717,27800,0.590361416,0.495327103,1735373,170084,1054,-0.085688519
155104,Garden City Community College,2,4832,3522,4633,6042,7049,7435,0.5543,0.2326,7029,78.03630945,0.720930233,0.379415254,32100,0.510971785,0.376811594,3940254,158626,2971,0.112216621
155186,Highland Community College,1,5007,4194,4543,5492,6691,6411,0.5568,0.1871,11000,122.12255,0.567721006,0.318078437,33200,0.50879252,0.493617021,8848109,159380,5086,-0.002409541
155186,Highland Community College,1,5007,4194,4543,5492,6691,6411,0.5568,0.1871,11000,122.12255,0.567721006,0.318078437,33200,0.50879252,0.42295082,8848109,159380,5086,0.06825666
155195,Hutchinson Community College,2,7441,5570,6652,8542,10370,10320,0.5467,0.3063,10000,111.0205,0.667344173,0.331884422,31700,0.534682095,0.380378657,7225491,160765,9679,0.084939248
155201,Independence Community College,1,3751,3107,3577,4793,7278,7676,0.4422,0.1364,3968,44.0529344,0.553921569,0.252008065,24500,0.390769243,0.480769231,2343359,158308,1540,0.128461526
155210,Johnson County Community College,2,7592,6340,7234,8543,10331,10393,0.5564,0.4147,10500,116.571525,0.684234336,0.189331784,34900,0.55981338,0.429022082,15027150,161550,29734,0.011164538
155423,Washburn Institute of Technology,1,12285,11194,11666,14032,15444,14904,0.9016,0.6879,18500,205.387925,0.691807542,0.805404324,37900,0.671306193,0.574468085,1791415,166617,1882,-0.245774278
155487,Manhattan Area Technical College,2,13905,12048,14594,15675,16023,16112,0.7978,0.58,10020,111.242541,0.799065421,0.451096739,36400,0.652567983,0.4375,1605675,167535,1160,-0.090067983
155566,Neosho County Community College,1,7797,6764,6600,8986,10479,10865,0.4763,0.3846,10351,114.9173196,0.746268657,0.269950756,31200,0.49245283,0.492,3443779,162330,3792,0.01554717
155593,North Central Kansas Technical College,1,11003,9240,10246,12094,13954,14257,0.9149,1,9500,105.469475,0.736842105,0.739129291,36800,0.733924627,0.398773006,1612045,164833,1150,-0.132697633
155618,Northwest Kansas Technical College,1,9420,8120,8940,10803,13953,11203,0.662,0.5,9500,105.469475,0.75708502,0.772041337,37700,0.609375,0.5,1242627,163738,762,-0.109375
155715,Pratt Community College,1,5071,4844,4872,5441,4604,9268,0.5584,0.6,8326,92.4356683,0.783001808,0.370976648,31400,0.615196049,0.416666667,2872167,160559,2285,-0.031862716
155830,Salina Area Technical College,1,6880,5705,5843,8348,10105,9247,0.798,0.7857,5500,61.061275,0.602870813,0.65577541,28500,0.631250024,0.470588235,623221,161535,904,-0.101838259
156107,Wichita Area Technical College,1,9247,8624,8958,10805,12430,12928,0.5837,0.5079,9092,100.9398386,0.550087873,0.4937,27500,0.586538434,0.680203046,5826792,164731,5238,-0.26674148
156231,Ashland Community and Technical College,1,7087,6512,6555,8621,10719,11332,0.4812,0.3176,12390,137.5543995,0.47923588,0.267091641,24000,0.43003732,0.699494949,9290708,162743,4756,-0.129532269
156338,Southcentral Kentucky Community and Technical College,1,6327,5805,5768,8056,9340,11188,0.571,0.3944,14642.5,162.5617671,0.403389831,0.359711765,29200,0.519999981,0.629139073,10756108,162143,6622,-0.149139054
156392,Bluegrass Community and Technical College,1,7188,6107,6395,8983,10696,10638,0.5247,0.3283,14977,166.2754029,0.459047619,0.251012078,22600,0.477112681,0.574089069,26003073,162499,16698,-0.05120175
156648,Elizabethtown Community and Technical College,1,6380,5430,6071,7747,9815,9785,0.533,0.3259,14037,155.8394759,0.466287571,0.35976573,27200,0.476315796,0.576368876,15839627,162078,9818,-0.052684672
156790,Hazard Community and Technical College,1,5922,5553,5740,7842,9934,10651,0.6138,0.3721,11702,129.9161891,0.404081633,0.404643348,21600,0.372829407,0.793349169,9748489,162343,4480,-0.166178576
156851,Henderson Community College,1,6589,6104,4045,7945,9603,10297,0.4483,0.3684,12553.5,139.3695847,0.573934837,0.306539286,24600,0.455665022,0.586206897,3761558,162955,3564,-0.041871919
156860,Hopkinsville Community College,1,7390,6421,6944,10770,10592,11429,0.5203,0.3598,11500,127.673575,0.571593533,0.275193612,26600,0.449473679,0.63880597,9594934,163281,5101,-0.088279649
156921,Jefferson Community and Technical College,1,6662,5891,6365,8288,10132,10244,0.4851,0.3801,13314.5,147.8182447,0.455823764,0.170208531,26200,0.432393342,0.647375505,27914427,162812,18375,-0.079768847
157304,Madisonville Community College,1,5838,5049,5145,7216,9259,8835,0.6445,0.4141,10481,116.3605861,0.643391521,0.436274504,26800,0.427244574,0.530120482,8133114,162353,6643,0.042634944
157331,Maysville Community and Technical College,1,6712,6237,6399,8182,10440,10447,0.6137,0.3757,14636,162.4896038,0.360239163,0.386318397,22300,0.415277779,0.690140845,10746528,163568,5338,-0.105418624
157438,Gateway Community and Technical College,1,6915,5873,5327,8778,10465,10642,0.6516,0.5481,16012,177.7660246,0.409142212,0.419482107,26300,0.51608187,0.603351955,9955811,163311,6606,-0.119433825
157483,West Kentucky Community and Technical College,1,5728,4856,5614,7611,9729,9786,0.6596,0.439,11371,126.2414106,0.596048299,0.46792586,27200,0.415557116,0.647294589,14506393,162339,9606,-0.062851705
157553,Big Sandy Community and Technical College,1,5846,5190,5833,8427,10468,10155,0.5573,0.4203,12654,140.4853407,0.423153693,0.210462448,23000,0.396902233,0.722054381,13118118,162743,6994,-0.118956614
157711,Somerset Community College,1,5830,5275,5990,7688,9633,10244,0.6274,0.4319,15000,166.53075,0.40474621,0.293831744,25800,0.366518348,0.701754386,22028823,162986,9919,-0.068272734
157739,Southeast Kentucky Community and Technical College,1,6167,5621,5921,8675,9970,10760,0.5861,0.3103,10630.5,118.0203425,0.525423729,0.361637421,22100,0.379014999,0.733552632,10819400,163360,7103,-0.112567631
158431,Bossier Parish Community College,2,8051,7522,8207,10307,11652,12020,0.5141,0.3842,14435,160.2580918,0.425300515,0.169342655,29200,0.444755256,0.745263158,23149768,165953,11787,-0.190018414
158662,Delgado Community College,1,6952,6336,7469,10104,11562,11537,0.565,0.4113,16932,187.9799106,0.512669323,0.110612378,28200,0.467775464,0.784605835,44857233,164998,25488,-0.252381299
159407,Louisiana State University-Eunice,2,7828,5609,6799,9411,10374,9899,0.507,0.4231,11460,127.229493,0.588836478,0.132283069,31500,0.52850163,0.35881104,4948843,165016,3386,0.11268733
161077,Central Maine Community College,2,8612,7613,7863,10039,12433,12756,0.6409,0.4757,12000,133.2246,0.692898273,0.304599104,33300,0.518518507,0.607902736,7549374,168690,4071,-0.126421243
161138,Eastern Maine Community College,2,8924,6963,8432,10573,12013,12836,0.6021,0.4112,12000,133.2246,0.716091954,0.338182891,30900,0.537722886,0.429042904,5329690,168101,4228,0.03323421
161192,Kennebec Valley Community College,2,9620,8378,9454,12052,13715,13960,0.6825,0.4667,12000,133.2246,0.647492625,0.387244118,29100,0.510489523,0.571428571,4276643,169570,3474,-0.081918094
161484,Northern Maine Community College,2,11881,10494,10947,12984,15480,15602,0.5581,0.4516,12000,133.2246,0.602661597,0.463569271,29800,0.516411364,0.464912281,2716264,171978,1401,0.018676355
161545,Southern Maine Community College,2,11395,10480,10697,12891,14569,14793,0.5521,0.496,12500,138.775625,0.683081811,0.24380576,37300,0.560298085,0.560424967,12384978,172025,9286,-0.120723052
161581,Washington County Community College,1,7392,4434,8173,9794,10673,10973,0.4775,0,6250,69.3878125,0.612244898,0.49695241,26100,0.458149791,0.387931034,1189381,166015,589,0.153919175
161688,Allegany College of Maryland,2,9779,8180,9279,11825,13270,13871,0.5089,0.2979,14478,160.7354799,0.645967166,0.252104548,30900,0.461672485,0.517241379,9850939,169868,3933,0.021086136
161767,Anne Arundel Community College,2,13886,12448,12958,14866,16905,16871,0.6849,0.453,10625,117.9592813,0.622612086,0.20466154,38800,0.592170477,0.402777778,15040584,174215,23309,0.005051745
162104,Cecil College,2,7464,6734,6951,8656,9647,9816,0.5313,0.4549,10500,116.571525,0.610223642,0.139380738,31400,0.52369076,0.464788732,3627621,168838,3161,0.011520508
162122,College of Southern Maryland,2,8704,6853,7764,10129,12377,12594,0.6048,0.4257,9500,105.469475,0.663309353,0.176329734,37100,0.564958274,0.478701826,8652460,168975,11924,-0.0436601
162557,Frederick Community College,2,5228,3494,4568,6616,8341,9072,0.6314,0.4909,8500,94.367425,0.699004975,0.284969895,32800,0.564971745,0.428082192,6324744,166051,8535,0.006946063
162609,Garrett College,2,6754,5700,6481,8233,8763,10611,0.4795,0.3333,12290,136.4441945,0.497340426,0.231850605,27300,0.454545468,0.516949153,2053195,168309,905,0.028505379
162690,Hagerstown Community College,2,6771,5538,6711,7886,9327,9491,0.5416,0.4076,11000,122.12255,0.689655172,0.32545242,31800,0.529832959,0.490291262,7838993,168228,6757,-0.020124221
162706,Harford Community College,2,4037,3176,3961,5275,7157,7963,0.651,0.4305,8000,88.8164,0.721568627,0.257670308,34100,0.532800019,0.545685279,5555911,165882,9504,-0.078485298
162779,Howard Community College,2,8612,7412,7986,10107,11356,12418,0.6883,0.4732,10702,118.8141391,0.63071066,0.206886179,37500,0.602027893,0.477941176,12015583,170191,14210,-0.079969069
163426,Montgomery College,2,8654,7417,8444,10650,11958,12291,0.6823,0.4718,9500,105.469475,0.69904963,0.221835967,40500,0.604744375,0.544224766,36663686,170843,36236,-0.148969141
163657,Prince George's Community College,2,6194,4954,5464,8056,9657,9663,0.6224,0.4845,7523,83.52072215,0.500534759,0.110320305,40900,0.60171628,0.525806452,21935274,168611,19176,-0.127522732
164313,Wor-Wic Community College,2,9239,8264,9226,11456,13102,13127,0.466,0.4125,7650,84.9306825,0.602272727,0.199346697,27200,0.424058318,0.627737226,8484979,172577,4508,-0.051795544
164775,Berkshire Community College,2,9616,8061,8576,10774,12714,12734,0.5917,0.432,12345,137.0548073,0.640221402,0.262183682,28700,0.469999999,0.41025641,5017060,172836,3045,0.119743591
165033,Bristol Community College,2,6113,4734,4995,7441,8856,8974,0.6152,0.472,6500,72.163325,0.701946472,0.241681362,27900,0.500623465,0.451903808,16107007,169767,12514,0.047472727
165112,Bunker Hill Community College,2,7483,6927,7709,9359,11834,12119,0.5923,0.4904,8997,99.88514385,0.673163418,0.161328614,33000,0.549347281,0.701754386,30231188,172039,21826,-0.251101667
165194,Cape Cod Community College,2,8393,7831,8758,9497,11696,4693,0.5473,0.4334,9336,103.6487388,0.677559913,0.201442215,26900,0.495586395,0.513108614,6160319,173025,5791,-0.008695009
165981,Greenfield Community College,2,11130,9775,9671,13989,13411,11674,0.6019,0.5837,8000,88.8164,0.672064777,0.261385227,27100,0.48086521,0.513227513,4095063,175756,2954,0.005907277
166133,Holyoke Community College,2,7972,6647,7202,10023,11622,11889,0.5835,0.4224,8437.5,93.67354688,0.690054496,0.257914812,29100,0.466470599,0.551558753,13746042,172780,8935,-0.018029352
166647,Massachusetts Bay Community College,2,12324,10829,11482,13706,15481,16063,0.5763,0.4384,8161,90.60383005,0.732292917,0.176278131,37300,0.629592836,0.463157895,6119274,177476,8198,-0.092750731
166823,Massasoit Community College,2,9241,7840,8191,10417,12761,13052,0.615,0.488,8231,91.38097355,0.674311927,0.190039615,30600,0.555705607,0.503250975,12962396,174663,11950,-0.058956582
166887,Middlesex Community College,2,4047,2799,3387,4443,7371,8325,0.63,0.4758,6270.5,69.61540453,0.723266364,0.200432908,33400,0.566966951,0.560240964,14373339,169686,12999,-0.127207915
166887,Middlesex Community College,2,4047,2799,3387,4443,7371,8325,0.63,0.4758,6270.5,69.61540453,0.723266364,0.200432908,33400,0.566966951,0.488755622,14373339,169686,12999,-0.055722573
166957,Mount Wachusett Community College,2,8685,6853,7760,10189,12385,12676,0.5503,0.4337,11098,123.2105509,0.694078947,0.214917097,29500,0.52105695,0.48496994,9142349,173810,6245,-0.00602689
167312,North Shore Community College,2,8705,7345,7917,10392,12163,12408,0.6421,0.4913,7000,77.71435,0.747483989,0.22973505,29200,0.524142325,0.536189069,14112625,174657,10950,-0.060331394
167525,Quincy College,2,12002,10813,11738,14306,15937,15981,0.6305,0.5305,14250,158.2042125,0.706559264,0.302390909,38400,0.658473492,0.6,8075454,178338,6815,-0.258473492
167534,Quinsigamond Community College,2,6510,5000,5861,8564,10111,10406,0.5594,0.4643,8072.5,89.62129863,0.684600197,0.198265337,32300,0.531974673,0.550522648,18599663,172534,11926,-0.082497321
167871,Southeastern Technical Institute,1,8688,7588,613,5013,15113,15113,0.8824,0.9231,8391,93.15730155,0.734177215,0.82905641,39400,0.764705896,0.2,298431,175459,137,0.035294104
167905,Springfield Technical Community College,2,9122,8266,8757,10380,12590,13047,0.6094,0.413,6629,73.59548945,0.718154463,0.245678244,30200,0.502523839,0.611678832,17151713,176171,9313,-0.114202671
168607,Alpena Community College,2,2721,1688,1541,4472,6680,7068,0.5777,0.3,9495,105.4139648,0.61986755,0.399258096,27700,0.464347839,0.478873239,3995666,170295,2206,0.056778922
168883,Bay de Noc Community College,2,7697,6035,7382,9782,12269,12614,0.6077,0.3929,14000,155.4287,0.641581633,0.249472973,27800,0.402889252,0.489285714,6020494,174918,2412,0.107825034
169275,Mott Community College,2,7644,6481,7214,9864,11564,10831,0.5663,0.4232,14042,155.8949861,0.436321956,0.163633939,24900,0.379629642,0.615384615,24277400,175756,13692,0.004985743
169521,Delta College,2,3996,2625,3916,6520,8619,8558,0.7469,0.5571,9530,105.8025365,0.570068545,0.217833008,28100,0.453672796,0.549828179,19526726,172146,14328,-0.003500975
169974,Glen Oaks Community College,1,5915,5072,5682,7308,8693,9294,0.5756,0.4474,5335,59.22943675,0.577889447,0.261516667,24900,0.438172042,0.504761905,2403194,175046,1486,0.057066053
169992,Gogebic Community College,2,8352,6822,8079,9505,12133,12272,0.6419,0.4091,9675,107.4123338,0.755600815,0.469512602,26700,0.394021749,0.474285714,2387824,176814,1365,0.131692537
170055,Grand Rapids Community College,2,4709,3170,3688,6585,8132,8169,0.5693,0.4236,12000,133.2246,0.475942578,0.198330435,28200,0.458140731,0.476605868,26699583,173225,24654,0.065253401
170240,Henry Ford Community College,2,5121,4503,5051,8189,9271,9395,0.4193,0.2665,18893,209.7510307,0.360017123,0.115029326,29200,0.453594774,0.769312169,34547416,174743,20931,-0.222906943
170541,Kalamazoo Valley Community College,2,6290,4955,5875,8544,9588,10116,0.5635,0.3794,14017,155.6174349,0.405734767,0.155771926,28700,0.475838274,0.538265306,18172229,175496,14468,-0.01410358
170550,Kellogg Community College,2,4612,3552,4790,6741,8672,9222,0.5423,0.3902,17539,194.718855,0.44812253,0.199633155,28800,0.497001499,0.621052632,13778984,174102,7838,-0.118054131
170587,Kirtland Community College,1,7245,6419,6696,9260,10377,10058,0.5342,0.3592,10500,116.571525,0.685106383,0.283907161,25400,0.390082657,0.610619469,5243007,177006,2436,-0.000702126
170620,Lake Michigan College,2,6704,5916,6628,7880,10929,11762,0.512,0.3631,15587,173.0476534,0.436834094,0.199185799,24600,0.34132421,0.591463415,7112711,176536,5718,0.067212375
170657,Lansing Community College,2,7856,6133,7294,9651,10564,10981,0.5879,0.4218,15500,172.081775,0.409006327,0.166885117,29600,0.504621625,0.483835006,28456851,176790,24605,0.011543369
171155,Mid Michigan Community College,2,5914,4736,5712,8238,9698,9744,0.5357,0.4224,16292,180.8745986,0.486205337,0.192778548,27400,0.444170773,0.600508906,8847391,175891,6193,-0.044679679
171234,Montcalm Community College,2,6950,5325,6161,8900,10239,10357,0.5248,0.4831,11950,132.6694975,0.587563452,0.169147478,27300,0.362378985,0.476190476,4055679,176559,2500,0.161430539
171304,Muskegon Community College,2,5321,4151,4791,6880,8718,9042,0.5989,0.384,7991,88.71648155,0.555444555,0.187299233,25800,0.405128211,0.488095238,8468995,175455,7147,0.106776551
171395,North Central Michigan College,2,1656,757,670,3455,5024,6204,0.6275,0.4075,10000,111.0205,0.58245614,0.167284423,25100,0.358843535,0.482758621,5031530,172152,3841,0.158397844
171535,Oakland Community College,2,5043,4353,5091,7083,8979,7725,0.4784,0.4325,10006,111.0871123,0.468381775,0.165659987,29600,0.474881202,0.690721649,42024812,175888,41325,-0.165602851
172200,Schoolcraft College,2,4310,2833,4017,6043,8418,8300,0.5808,0.5475,10307,114.4288294,0.6186488,0.24538946,31000,0.486297011,0.464788732,18794542,175033,19896,0.048914257
172291,St Clair County Community College,2,5744,4460,5340,7281,9647,10118,0.5932,0.4688,13000,144.32665,0.624715694,0.207540768,29300,0.497840166,0.511326861,6464092,176751,5668,-0.009167027
172307,Southwestern Michigan College,2,9070,7803,8350,10740,12344,12358,0.5569,0.3475,12197,135.4117039,0.385674931,0.225344639,25000,0.341666669,0.495238095,6376823,180110,3648,0.163095236
172617,Washtenaw Community College,1,6183,5164,6182,8569,10143,10498,0.6373,0.4975,12135,134.7233768,0.472330654,0.212487029,27200,0.453227937,0.651877133,18106407,177781,20664,-0.10510507
172671,West Shore Community College,2,3616,2033,3401,5526,7046,7734,0.703,0.4257,10500,116.571525,0.622047244,0.223872537,24300,0.413436681,0.460176991,2964228,174704,1897,0.126386328
172918,Alexandria Technical & Community College,2,14494,11731,12750,14795,17166,17604,0.7579,0.4186,12000,133.2246,0.8232,0.551738409,35600,0.631578922,0.262557078,3276000,184649,4128,0.105864
172954,Anoka Technical College,2,16060,14690,15036,17489,18988,19319,0.4808,0.4426,16036,178.0324738,0.666406859,0.282564771,37200,0.674362063,0.503144654,3902000,187644,2921,-0.177506717
172963,Anoka-Ramsey Community College,2,13477,11256,11842,14310,15988,16158,0.525,0.4115,15778,175.1681449,0.690903559,0.189414616,36500,0.624256849,0.311111111,10205000,184219,12297,0.06463204
173203,Central Lakes College-Brainerd,2,10934,9131,9893,11975,14136,14361,0.5835,0.3476,12000,133.2246,0.664102564,0.404814846,32000,0.538395882,0.412322275,6247000,182334,6000,0.049281843
173416,Dakota County Technical College,1,14681,12863,13235,14972,17329,17821,0.6438,0.5,12000,133.2246,0.734208881,0.369367568,34400,0.62140286,0.380530973,4678000,186279,4433,-0.001933833
173461,Lake Superior College,2,14026,12533,12983,14744,16894,17159,0.5341,0.4733,14670,162.8670735,0.726354082,0.288168654,34000,0.596919119,0.469635628,8083000,185994,8477,-0.066554747
173559,Minnesota State Community and Technical College,2,11856,9987,10550,12610,14739,15049,0.5599,0.4545,13000,144.32665,0.689905047,0.357998695,32900,0.596379459,0.355748373,11499000,183546,8312,0.047872168
173638,Minnesota West Community and Technical College,1,10402,8991,9233,11225,13761,14665,0.6462,0.48,12827.5,142.4115464,0.703534031,0.467548882,32400,0.603491247,0.412844037,4893000,182629,5215,-0.016335284
173708,Hennepin Technical College,1,14385,13078,12736,15442,17363,18129,0.7068,0.4884,11333.5,125.8250837,0.64273081,0.300406747,33900,0.61845237,0.472340426,10585000,186786,8969,-0.090792796
173735,Hibbing Community College,2,9606,8104,8593,11453,13424,13853,0.5229,0.3913,13786,153.0528613,0.614730878,0.361272419,34600,0.522758603,0.5,3198000,181839,1868,-0.022758603
173799,Inver Hills Community College,2,12381,9956,10571,13283,14875,15110,0.5922,0.4833,14250,158.2042125,0.687307861,0.221172622,38400,0.683996737,0.303333333,7607000,183755,8547,0.01266993
173805,Itasca Community College,2,11201,9454,9239,11897,14460,15093,0.5887,0.6216,11000,122.12255,0.655172414,0.338910287,30300,0.526418805,0.429292929,3208000,183259,1551,0.044288266
173911,South Central College,2,11410,9792,9890,12196,14741,14603,0.6038,0.4519,14900,165.420545,0.685448578,0.286865737,32300,0.628947377,0.388724036,6400000,183703,5481,-0.017671413
174136,Minneapolis Community and Technical College,2,14467,13910,14143,16718,18597,18789,0.5207,0.384,17520,194.507916,0.480524416,0.150405589,32800,0.522653699,0.718978102,20795000,188046,13495,-0.241631801
174376,North Hennepin Community College,2,15915,14385,14844,17004,18966,19425,0.5745,0.4582,16873.5,187.3304407,0.631631968,0.194505342,36600,0.65836966,0.416083916,12377000,188761,10843,-0.074453576
174428,Normandale Community College,2,13893,12089,12495,14760,17049,17423,0.5539,0.4684,13500,149.877675,0.686599619,0.188039657,37000,0.623307526,0.412478336,12681000,186517,14197,-0.035785862
174473,Northland Community and Technical College,1,12174,9745,10493,13486,15197,15429,0.5418,0.4815,15750,174.8572875,0.698275862,0.310618468,34500,0.645161271,0.307692308,5479000,184218,5215,0.047146421
174570,Pine Technical College,1,12300,10931,11504,13505,15433,15646,0.4262,0.3929,18527,205.6876804,0.542654028,0.285715429,26900,0.547413766,0.45,2180000,185501,1939,0.002586234
174604,Rainy River Community College,2,8899,7319,9077,8613,11946,13190,0.4878,0.3333,9500,105.469475,0.497382199,0.373393671,27200,0.402173907,0.487179487,571000,181923,414,0.110646606
174738,Rochester Community and Technical College,2,15446,13377,14075,16207,18248,18541,0.5431,0.4403,15169.5,168.4125475,0.710654596,0.264232127,35000,0.610206306,0.336842105,9525000,188115,8316,0.052951589
174756,St Cloud Technical and Community College,2,9395,7068,8238,10201,12451,12681,0.5875,0.4479,13250,147.1021625,0.723865056,0.344359974,35600,0.653307915,0.349593496,8427000,181824,6403,-0.002901411
175041,Saint Paul College,1,14203,13735,13715,16349,18053,18578,0.5096,0.3612,13350,148.2123675,0.406319821,0.262547971,31500,0.529938042,0.754578755,16617000,188776,9690,-0.284516797
175157,Vermilion Community College,2,12403,9668,9574,12242,14687,14819,0.4888,0.4,14250,158.2042125,0.623582766,0.316218803,31600,0.560747683,0.181818182,1133000,184825,849,0.257434135
175236,Ridgewater College,2,9410,7493,8108,10357,12776,13040,0.6278,0.4239,12000,133.2246,0.747495826,0.427351515,32300,0.590588212,0.372384937,6614000,182729,5329,0.037026851
175263,Minnesota State College-Southeast Technical,1,15426,13736,14851,16659,18990,19177,0.563,0.4021,13500,149.877675,0.671810089,0.355262607,32800,0.601286173,0.46875,4359000,188999,2940,-0.070036173
175315,Century College,2,9601,8267,8390,10537,12655,12988,0.4893,0.3625,16000,177.6328,0.627463721,0.193770058,35000,0.614139676,0.454545455,17776000,183582,13821,-0.068685131
175315,Century College,2,9601,8267,8390,10537,12655,12988,0.4893,0.3625,16000,177.6328,0.627463721,0.193770058,35000,0.614139676,1,17776000,183582,13821,-0.614139676
175643,East Central Community College,2,5320,4715,5406,6994,8921,9060,0.6195,0.5656,9000,99.91845,0.442540323,0.302154679,27200,0.427093118,0.642,8743228,180358,3181,-0.069093118
175652,East Mississippi Community College,2,4520,3961,5027,6085,7164,7464,0.7112,0.3318,10015,111.1870308,0.334091771,0.284494586,25700,0.388926387,0.664136622,17111373,179613,7540,-0.053063009
175786,Hinds Community College,2,4099,3410,6027,6810,7662,5694,0.5162,0.3299,7650,84.9306825,0.335421234,0.237734145,25400,0.405437648,0.771515946,38059718,179196,16141,-0.176953594
175810,Holmes Community College,2,5330,5000,5548,7089,9175,9114,0.546,0.2047,6369,70.70895645,0.342762848,0.301917287,28300,0.433161229,0.753045404,17795723,180810,8905,-0.186206633
175829,Itawamba Community College,2,6192,5457,6364,8297,9498,10123,0.6866,0.2195,9000,99.91845,0.344799345,0.314627928,27200,0.432432443,0.636826043,22264505,181286,7641,-0.069258486
175883,Jones County Junior College,2,4881,4372,5110,7000,9140,7746,0.6013,0.3619,6373,70.75336465,0.47555205,0.290248272,26700,0.403716207,0.684285714,17732734,180255,6061,-0.088001921
176071,Mississippi Gulf Coast Community College,2,7116,6545,7209,9377,10881,10608,0.6222,0.2427,9000,99.91845,0.490066225,0.292430233,28400,0.427580893,0.699607843,29173377,182616,13709,-0.127188736
176178,Northwest Mississippi Community College,2,4046,3392,4058,5765,7165,7501,0.6003,0.31,6650,73.8286325,0.503123698,0.243443085,26900,0.438848913,0.630287648,23452392,179570,10946,-0.069136561
176239,Pearl River Community College,2,573,144,555,1951,3727,4570,0.5694,0.4226,9750.5,108.2505385,0.499250375,0.359104973,28100,0.439540505,0.699223085,14312047,176383,6147,-0.13876359
177135,Crowder College,2,5061,4456,4979,6466,8050,6701,0.5622,0.2698,10000,111.0205,0.559290383,0.279213224,26500,0.399633378,0.548689139,12059585,181591,7406,0.051677483
177250,East Central College,2,6731,6047,6369,8343,9314,10392,0.6206,0.4184,13812,153.3415146,0.554979253,0.253143341,26700,0.443653613,0.549367089,7595120,183297,5118,0.006979298
177472,Ozarks Technical Community College,2,8091,7098,8464,9926,10081,9315,0.5913,0.4096,14250,158.2042125,0.543905636,0.228854372,27500,0.44152227,0.556483027,34317476,184570,19793,0.001994703
177676,Jefferson College,2,6348,5428,5920,7780,8839,8488,0.5869,0.4238,10650,118.2368325,0.591405681,0.302513578,28900,0.477653623,0.504409171,10790198,183104,6867,0.017937206
177977,Linn State Technical College,2,9064,7783,8348,9686,10237,10382,0.785,0.4286,10500,116.571525,0.831460674,0.622805217,36400,0.708401978,0.284431138,2846509,185760,1441,0.007166884
178217,Mineral Area College,2,6660,6052,6449,8275,8889,8231,0.6781,0.49,9750,108.2449875,0.504618938,0.357259889,25800,0.425570786,0.557659208,9976990,184269,5533,0.016770006
178448,Moberly Area Community College,2,8944,7233,11262,10570,10842,11293,0.5675,0.3144,10600,117.68173,0.551526718,0.286019108,27800,0.43969205,0.542424242,10708925,185681,8409,0.017883708
179539,State Fair Community College,2,5678,5028,5534,7138,7135,8548,0.5975,0.3483,11599.5,128.778229,0.519275701,0.27401614,29200,0.443405062,0.563063063,13004299,184567,7065,-0.006468125
179645,Three Rivers Community College,2,7094,6672,7344,9004,10183,12683,0.5515,0.3778,10500,116.571525,0.520562771,0.249381689,26400,0.385004222,0.715289982,12438808,186317,5840,-0.100294204
179645,Three Rivers Community College,2,7094,6672,7344,9004,10183,12683,0.5515,0.3778,10500,116.571525,0.520562771,0.249381689,26400,0.385004222,0.932384342,12438808,186317,5840,-0.317388564
179715,North Central Missouri College,2,6889,6273,6384,8145,9071,8724,0.646,0.5,12500,138.775625,0.622188906,0.377581517,27700,0.489945143,0.504504505,3746952,185988,2397,0.005550352
180151,Dawson Community College,2,7878,5891,6420,8157,9695,12238,0.5306,0.875,10000,111.0205,0.765363128,0.605708943,30800,0.465217382,0.347826087,1220625,186042,818,0.186956531
180197,Flathead Valley Community College,2,8467,7597,8763,10222,12487,12606,0.5625,0.3714,12041,133.6797841,0.677718833,0.305158966,25000,0.427251726,0.613861386,4343774,187794,3684,-0.041113112
180276,Helena College University of Montana,2,11607,10605,11438,13003,13970,14664,0.525,0.3906,20000,222.041,0.649016641,0.318868547,31000,0.601522863,0.554913295,3270217,190881,1921,-0.156436158
180373,Miles Community College,2,6941,5402,6045,7815,8288,9591,0.5941,0.3333,12000,133.2246,0.759036145,0.557477213,27200,0.565055788,0.378787879,1351761,185775,660,0.056156333
180902,Central Community College,1,7518,6370,6565,8509,10304,10405,0.6284,0.392,9000,99.91845,0.735244519,0.447232276,28000,0.499750137,0.391554702,7953795,187272,11834,0.108695161
181303,Metropolitan Community College Area,2,7714,7772,8030,7917,10723,7473,0.5044,0.3127,8815,97.86457075,0.605104097,0.170785345,28300,0.4824633,0.575070822,23820740,189075,27828,-0.057534122
181312,Mid-Plains Community College,2,5858,4812,4206,6916,8718,8458,0.5294,0.3486,8726,96.8764883,0.684593023,0.381984262,29400,0.457516342,0.43772242,3332917,186124,8103,0.104761238
181491,Northeast Community College,2,7764,6127,6140,9118,10870,11109,0.6838,0.3373,11625.5,129.0668823,0.761707989,0.504079649,33000,0.563991308,0.353159851,7042150,187618,6909,0.082848841
181640,Southeast Community College Area,2,7555,5715,6449,8297,9541,9815,0.5744,0.4984,13373,148.4677147,0.717185386,0.29987243,35200,0.609123409,0.345579793,15551527,187355,15491,0.045296798
181817,Western Nebraska Community College,2,5942,5274,5303,6565,9185,8611,0.4853,0.2,8717.5,96.78212088,0.660743134,0.291680597,26500,0.486910999,0.526548673,3782189,187091,8143,-0.013459672
182500,Truckee Meadows Community College,2,6903,6338,6439,8494,11659,12067,0.6624,0.468,10000,111.0205,0.551597052,0.203587983,32500,0.543252587,0.608695652,13870000,188838,16017,-0.151948239
183099,NHTI-Concord's Community College,2,16954,15762,18991,19060,19062,19062,0.567,0.4704,17500,194.285875,0.78477306,0.31264192,37700,0.619354844,0.635135135,6367659,198861,5896,-0.254489979
183141,Nashua Community College,2,14204,13135,16712,16637,16741,16741,0.6269,0.4902,15100.5,167.646506,0.734434562,0.287422203,34500,0.606783926,0.698863636,2730208,196276,3361,-0.305647562
183655,Atlantic Cape Community College,2,16504,15472,16114,18378,20317,20652,0.6206,0.4446,10500,116.571525,0.596423017,0.224941176,28800,0.430830032,0.565992866,16874436,199127,9911,0.003177102
183859,Brookdale Community College,2,6798,4858,5780,8466,10928,11172,0.6858,0.4729,10500,116.571525,0.674148607,0.277288828,32900,0.483870953,0.448863636,17382294,188717,20816,0.067265411
183877,Burlington County College,2,7419,5852,7106,9198,10909,11033,0.6314,0.3899,9750,108.2449875,0.762244898,0.26549115,34600,0.540669858,0.485619469,12255270,189729,16530,-0.026289327
183938,Camden County College,2,8746,8279,8659,9680,9906,10113,0.6036,0.4394,9500,105.469475,0.615659635,0.199357046,31900,0.481636584,0.568683274,23864460,192217,19959,-0.050319858
184180,County College of Morris,2,7157,4576,5780,8843,10664,10797,0.7168,0.4861,9500,105.469475,0.761491761,0.284393414,40200,0.58144331,0.373472949,8220570,188756,11757,0.045083741
184791,Gloucester County College,2,7609,7035,7452,8980,11358,11530,0.6373,0.4222,10500,116.571525,0.65851272,0.31017462,34200,0.507836998,0.759829968,10189296,191826,9914,-0.267666966
185536,Middlesex County College,2,6797,5713,5957,10209,10382,10417,0.6411,0.483,10350,114.9062175,0.767411301,0.23294656,36200,0.537142873,0.598825832,19747279,191249,18516,-0.135968705
185873,Ocean County College,2,9457,7209,8191,10870,13286,13490,0.6787,0.4331,11000,122.12255,0.681578947,0.375187046,31700,0.500320733,0.40914037,12605812,193082,15152,0.090538897
186645,Raritan Valley Community College,2,5286,4039,4649,6670,8116,8563,0.7656,0.4223,9000,99.91845,0.729893778,0.268459507,38300,0.582574785,0.454773869,7054691,190684,11867,-0.037348654
187532,Central New Mexico Community College,1,3961,2947,4266,6551,7944,8363,0.604,0.42,13000,144.32665,0.412473539,0.15258298,30200,0.466852099,0.620098039,36215920,190479,41205,-0.086950138
187620,New Mexico State University-Dona Ana,2,6197,5677,6467,9108,10378,11022,0.5736,0.3872,19500,216.489975,0.615059337,0.173735294,33800,0.489753246,0.741758242,18192755,193297,11512,-0.231511488
187903,New Mexico Junior College,2,9680,9595,8963,10182,11150,10423,0.6888,0.6609,6813,75.63826665,0.515384615,0.237331884,28100,0.470229,0.654545455,3486197,197498,4956,-0.124774455
188438,Adirondack Community College,2,5358,2810,4708,7997,9730,10166,0.6284,0.4396,13000,144.32665,0.646017699,0.25394359,32300,0.482635796,0.452332657,7843993,191248,5315,0.065031547
189547,SUNY Broome Community College,2,5869,3813,4913,8355,10072,10777,0.5888,0.4286,11477,127.4182279,0.651528384,0.31615097,31000,0.442491204,0.501573977,12950101,193360,8697,0.055934819
189839,Cayuga County Community College,2,6503,4416,5867,9002,11204,11395,0.5561,0.3671,12097,134.3014989,0.515041021,0.309648224,30400,0.43279174,0.520069808,8179958,194255,7151,0.047138452
190053,Clinton Community College,2,7337,5338,6694,10229,11694,12090,0.5308,0.5455,12000,133.2246,0.65965966,0.273539464,29500,0.458471775,0.489489489,3328884,195391,2385,0.052038736
190169,Columbia-Greene Community College,2,5227,3541,4747,7873,9788,9651,0.6207,0.3934,10000,111.0205,0.65658363,0.331650563,31700,0.516245484,0.547717842,3657748,193710,2763,-0.063963326
190442,Corning Community College,2,6713,4717,5967,9585,11033,11557,0.5767,0.3095,12500,138.775625,0.547075902,0.313525235,31000,0.470849186,0.509803922,7942047,195159,5961,0.019346892
190521,CUNY Borough of Manhattan Community College,2,6778,6051,7769,10512,12787,13294,0.6406,0.5221,8779,97.46489695,0.537029703,0.206290303,34900,0.509139955,0.743243243,78915275,196572,31482,-0.252383198
190619,CUNY Kingsborough Community College,2,6060,5206,6853,9918,11926,12563,0.6675,0.4581,6531,72.50748855,0.554788611,0.285979273,35300,0.478501379,0.721922246,50171805,195825,24857,-0.200423625
190673,CUNY Queensborough Community College,2,4563,3626,5350,7714,9658,9953,0.7088,0.5018,7978.5,88.57770593,0.600921659,0.223396185,35900,0.513412178,0.66614338,41319198,194299,21948,-0.179555558
190840,Dutchess Community College,2,6377,3819,5558,8666,10321,10535,0.595,0.4971,11000,122.12255,0.581510233,0.293457699,31600,0.508256853,0.435810811,10564062,194659,12984,0.055932336
191083,Erie Community College,2,5218,3111,5012,7882,9593,10041,0.5308,0.3574,8600,95.47763,0.611048265,0.235896895,31800,0.500619054,0.536390828,26204961,194194,20346,-0.037009882
191199,Finger Lakes Community College,2,10240,7933,9250,12808,14073,14477,0.4894,0.3772,12000,133.2246,0.615833333,0.322520132,29800,0.454901963,0.454963235,11056162,199132,9513,0.090134802
191302,Fulton-Montgomery Community College,2,7043,5280,6840,10249,11676,12314,0.5543,0.481,12559.5,139.436197,0.549831081,0.327085159,28500,0.504261374,0.551401869,6158516,196582,3174,-0.055663243
191339,Genesee Community College,2,6865,4814,6409,9142,10342,10373,0.528,0.4333,11000,122.12255,0.6270034,0.2974467,29700,0.461284995,0.440528634,11137752,196153,8667,0.098186371
191612,Herkimer County Community College,2,8317,6287,7886,11135,12755,13247,0.5832,0.4524,12000,133.2246,0.57535545,0.329196348,30300,0.454847276,0.500732064,6767386,197899,5089,0.04442066
191719,Hudson Valley Community College,2,8761,6257,8249,10958,12495,12779,0.5665,0.4395,11650,129.3388825,0.642153644,0.291657611,36200,0.557725966,0.423389619,14150219,197976,18125,0.018884415
191986,Jamestown Community College,2,7722,5354,6878,10640,12244,13017,0.6095,0.3977,9706,107.7564973,0.686875892,0.346580543,29300,0.447826087,0.46374829,8773008,197340,6311,0.088425623
192022,Jefferson Community College,2,6025,3894,5490,8283,9988,10451,0.5617,0.3154,9245,102.6384523,0.650793651,0.328359306,30100,0.44041869,0.481318681,8076236,195916,5535,0.078262629
193283,Mohawk Valley Community College,2,7357,5214,6796,10366,12142,12514,0.5758,0.4348,12000,133.2246,0.611646884,0.287096474,30300,0.472014099,0.504815409,15109106,198497,9947,0.023170492
193326,Monroe Community College,2,7075,5243,6957,9837,11464,11938,0.5881,0.3718,12000,133.2246,0.548748804,0.291286294,31200,0.490680724,0.55258052,35988327,198569,29651,-0.043261244
193478,Nassau Community College,2,7067,4800,6270,9118,11356,11745,0.7325,0.603,10250,113.7960125,0.623272951,0.22709206,36800,0.560425639,0.4509643,33810694,198278,32115,-0.011389939
193946,Niagara County Community College,2,5119,2359,4121,7420,9015,9358,0.6471,0.4519,10700,118.791935,0.650331614,0.317126581,31000,0.518667996,0.417322835,11054134,196305,7972,0.064009169
194028,North Country Community College,2,9270,6903,8062,11837,13136,13533,0.5147,0.375,12000,133.2246,0.635451505,0.246990361,27000,0.474097341,0.470588235,2643637,200931,2488,0.055314424
194222,Onondaga Community College,2,12064,10889,11722,13412,14496,14739,0.5416,0.4522,10500,116.571525,0.640824072,0.211330887,32100,0.49387911,0.490761271,19356213,205111,25572,0.015359619
194240,Orange County Community College,2,6012,3147,4881,7968,9762,10131,0.6405,0.4682,12000,133.2246,0.667477697,0.239828702,32700,0.564593315,0.391420912,7988053,197387,9282,0.043985773
195058,Rockland Community College,2,8568,6734,7757,10514,12662,13155,0.7362,0.4397,8825,97.97559125,0.637844612,0.320194707,36100,0.536416173,0.4544,9099788,201792,10300,0.009183827
195988,Sullivan County Community College,2,7360,5596,7222,10581,12940,13710,0.5013,0.2105,10000,111.0205,0.446782178,0.194283015,29600,0.440310091,0.577181208,3726425,201584,2180,-0.017491299
196565,Tompkins Cortland Community College,2,9409,7024,9149,12609,14360,14748,0.5279,0.3333,12000,133.2246,0.595788392,0.262825864,29900,0.492063493,0.525065963,8061761,203589,9108,-0.017129456
197294,SUNY Westchester Community College,2,5797,4414,5734,9019,11028,11749,0.6365,0.5186,8786,97.5426113,0.658724058,0.149958564,38300,0.558624566,0.596323529,23389568,201708,22318,-0.154948095
197887,Asheville-Buncombe Technical Community College,2,9930,9353,9906,11250,13840,14840,0.5849,0.4828,12250,136.0001125,0.642394822,0.314640078,27400,0.450476199,0.617067834,13610795,207240,11718,-0.067544033
198039,Blue Ridge Community College,2,7908,7582,8744,7211,10577,11377,0.6667,0.478,9500,105.469475,0.54,0.195572871,23800,0.398692816,0.52189781,4562272,205621,3081,0.079409374
198039,Blue Ridge Community College,2,7908,7582,8744,7211,10577,11377,0.6667,0.478,9500,105.469475,0.54,0.195572871,23800,0.398692816,0.639175258,4562272,205621,3081,-0.037868074
198118,Caldwell Community College and Technical Institute,2,17983,17211,18309,19536,20877,22646,0.5105,0.3801,11197,124.3096539,0.481166464,0.244619701,24500,0.388700575,0.6,8028766,215329,5407,0.011299425
198154,Cape Fear Community College,2,9972,9692,10397,10655,10246,10340,0.5832,0.4145,11000,122.12255,0.562545721,0.233519241,26500,0.427857578,0.628524046,18220160,207846,13602,-0.056381624
198206,Carteret Community College,1,8852,8064,8181,10926,9813,10074,0.5423,0.4388,7954,88.3057057,0.620087336,0.212489011,23200,0.371298403,0.491525424,3651327,206270,2175,0.137176173
198233,Catawba Valley Community College,2,11076,10310,11141,13174,10902,13727,0.6976,0.4493,9209,102.2387785,0.656934307,0.217689974,26700,0.44282946,0.574162679,8308250,208543,6513,-0.016992139
198376,Davidson County Community College,1,7537,6873,7582,8768,11665,12366,0.6288,0.4724,12500,138.775625,0.549206349,0.331691677,24400,0.386880845,0.652307692,10275472,205249,5796,-0.039188537
198622,Guilford Technical Community College,2,12692,12386,12842,14890,16994,17563,0.4931,0.4308,20000,222.041,0.344248874,0.164218248,28800,0.40422833,0.8,36037762,211008,18430,-0.20422833
198774,Johnston Community College,2,7607,6811,7453,8301,11677,11797,0.656,0.4837,13506,149.9442873,0.550913838,0.403050651,25800,0.470254958,0.546428571,9012273,205585,5520,-0.016683529
199333,Pitt Community College,2,5000,3976,5212,6380,9443,9575,0.6834,0.393,12625,140.1633813,0.497476568,0.218244856,26000,0.451345742,0.638968481,24497742,203309,13226,-0.090314223
199722,Southeastern Community College,2,8355,7897,8468,10461,12282,12282,0.4833,0.3407,7200,79.93476,0.392712551,0.234158462,24400,0.342507631,0.717514124,3801109,207619,2089,-0.060021755
199722,Southeastern Community College,2,8355,7897,8468,10461,12282,12282,0.4833,0.3407,7200,79.93476,0.392712551,0.234158462,24400,0.342507631,0.647482014,3801109,207619,2089,0.010010355
199856,Wake Technical Community College,2,8991,7802,8502,10147,12345,12940,0.6973,0.4535,13721.5,152.3367791,0.639309984,0.18719954,31300,0.496465474,0.517241379,34721157,207658,30399,-0.013706853
199926,Wilkes Community College,2,5441,4923,5647,6365,9007,4768,0.6452,0.3253,9000,99.91845,0.538461538,0.257494885,24300,0.372355431,0.553398058,7036992,204849,3837,0.074246511
200192,Lake Region State College,2,8325,6099,7158,9065,10816,10865,0.522,0.4545,8650,96.0327325,0.768916155,0.510678899,34800,0.616822422,0.344827586,1763847,206291,3086,0.038349992
200305,North Dakota State College of Science,2,9971,7855,7853,10180,12018,12500,0.6319,0.5645,12000,133.2246,0.803457106,0.541904271,41400,0.720694661,0.287323944,3236741,208160,3736,-0.008018605
200314,Dakota College at Bottineau,2,9290,7401,7744,8944,11074,12024,0.3521,0.0909,11875,131.8368438,0.768571429,0.375412287,31800,0.550607264,0.267857143,1415233,207715,1007,0.181535593
200341,Williston State College,2,8805,6562,4575,9907,10609,11765,0.5828,0.1538,12000,133.2246,0.841607565,0.404879585,33300,0.613333344,0.414634146,1960073,206903,1256,-0.02796749
201283,Belmont College,2,4429,3503,4618,6151,6790,7928,0.449,0.2174,17079,189.611912,0.473958333,0.274840325,25700,0.454075038,0.566326531,4366975,204786,1817,-0.020401569
201672,Central Ohio Technical College,2,10402,9539,10294,12334,13591,12755,0.4308,0.3865,21000,233.14305,0.49162596,0.20679861,31800,0.538345873,0.622119816,9631419,211211,6167,-0.160465689
201928,Cincinnati State Technical and Community College,2,7021,6027,6816,8501,9321,9252,0.4791,0.3843,17913,198.8710217,0.493448524,0.224769362,29700,0.50870347,0.560330579,17350126,207955,16233,-0.069034049
201973,Clark State Community College,2,6684,5886,6564,8685,10266,10638,0.3894,0.3074,18838.5,209.1459689,0.427314815,0.15680858,26600,0.407437354,0.659638554,12603943,207859,8257,-0.067075908
202222,Columbus State Community College,1,6182,4551,5468,8183,9408,9458,0.491,0.3208,20303,225.4049212,0.507002975,0.137858544,31300,0.494121283,0.520605551,40910008,206773,46023,-0.014726834
202356,Cuyahoga Community College District,2,5832,5550,5958,8588,9685,7777,0.4751,0.3417,10335.5,114.7452378,0.420219853,0.063685441,27600,0.411674827,0.848080134,54986679,207906,42069,-0.259754961
203155,Hocking College,2,10127,8667,9649,11573,13175,13236,0.4799,0.4658,15883,176.3338602,0.420055354,0.306002394,28800,0.460775852,0.482252142,12292235,211822,6379,0.056972006
203331,Eastern Gateway Community College,2,3603,3279,3757,5355,7108,7896,0.4888,0.3333,7056,78.3360648,0.395833333,0.278152412,23300,0.370242208,0.730909091,6130689,206610,4338,-0.101151299
203599,Lakeland Community College,2,7287,6307,6930,8517,10242,10350,0.467,0.3485,16371,181.7516606,0.455633101,0.140525378,31900,0.500306547,0.567505721,13369690,209906,12010,-0.067812268
203678,James A Rhodes State College,2,10427,9434,9613,12295,13575,13763,0.5191,0.4286,18508,205.4767414,0.583173996,0.278841406,31200,0.563958943,0.590504451,6388606,213112,4796,-0.154463394
203748,Lorain County Community College,2,3769,2969,3865,5391,7159,7566,0.6029,0.3957,13167,146.1806924,0.561608775,0.152481166,28700,0.472043991,0.634686347,21921430,206717,16025,-0.106730338
203881,Marion Technical College,2,7870,7138,7691,9324,11255,11486,0.4293,0.3793,12100,134.334805,0.599282297,0.305825566,29600,0.472543359,0.609271523,4208281,211019,3636,-0.081814882
204255,Zane State College,2,9374,8672,8954,11045,12594,12498,0.5195,0.2623,17500,194.285875,0.433795014,0.333032913,26600,0.439949423,0.63022508,7084431,212927,4722,-0.070174503
204422,North Central State College,2,5693,4568,5191,7386,8405,8841,0.5284,0.4051,11167,123.9765924,0.515451174,0.188787702,26800,0.452402532,0.523809524,5667615,208990,3771,0.023787944
204440,Northwest State Community College,2,10722,9551,10404,12131,13635,13795,0.5919,0.384,11500,127.673575,0.542756539,0.281214286,29800,0.490307868,0.505555556,5700378,213991,7026,0.004136576
204662,Ohio State University Agricultural Technical Institute,2,17639,15094,15455,19178,19710,20357,0.648,0.5,22250,247.0206125,0.834755422,0.34048,42600,0.678167999,0.262672811,1043505,219756,712,0.05915919
204945,Owens Community College,2,7153,5927,6691,8740,10279,10251,0.4902,0.3526,20000,222.041,0.426134161,0.098881745,29500,0.485785753,0.544554455,25533823,210872,20017,-0.030340208
205470,Sinclair Community College,2,4363,3407,4251,6114,7267,7226,0.4579,0.3942,12000,133.2246,0.431187993,0.14804942,27000,0.439640909,0.613068182,36348238,208877,36753,-0.052709091
205966,Southern State Community College,2,7910,6659,7467,10177,11145,11222,0.4688,0.4123,15078,167.3967099,0.425377306,0.248929545,27400,0.421209127,0.556886228,6419345,212625,3200,0.021904645
206011,Terra State Community College,2,7233,6482,7243,8908,11421,11109,0.3975,0.325,17806,197.6831023,0.45468393,0.187794046,28400,0.476407915,0.666666667,4889214,212493,3625,-0.143074582
206446,Washington State Community College,2,7873,6480,7934,9836,9823,11040,0.6093,0.3587,13118,145.6366919,0.617359413,0.279390944,27000,0.42776525,0.486956522,2574396,212926,2620,0.085278228
206923,Carl Albert State College,2,4611,3745,4254,7093,10196,10332,0.5948,0.4,6498,72.1411209,0.516981132,0.307441633,25900,0.411341131,0.638190955,8269373,210668,3188,-0.049532086
206996,Connors State College,2,7844,7503,6837,9448,11727,12507,0.4394,0.3718,11250,124.8980625,0.528128588,0.223395198,29800,0.468137264,0.683116883,6139170,214499,3112,-0.151254147
207050,Eastern Oklahoma State College,2,6640,6517,7084,8255,7588,7143,0.4507,0.3418,12250,136.0001125,0.531879195,0.213871239,29800,0.472400516,0.859756098,3916331,213567,2378,-0.332156614
207281,Northern Oklahoma College,2,6048,4791,5368,7631,9409,10188,0.5056,0.4348,9835,109.1886618,0.552292633,0.250567022,30400,0.492432445,0.480938416,9664235,212072,6865,0.026629139
207449,Oklahoma City Community College,2,6944,5834,6742,9408,10645,11883,0.4424,0.3099,9750,108.2449875,0.499193982,0.16330122,33000,0.563845038,0.563134978,15531434,213283,20498,-0.126980016
207670,Rose State College,2,8005,7153,7764,9956,10213,12020,0.4886,0.3427,10250,113.7960125,0.535595721,0.158105,31400,0.532200336,0.589981447,10642980,214823,10295,-0.122181783
207935,Tulsa Community College,2,6576,5692,6700,8849,9800,9766,0.5355,0.3761,11494,127.6069627,0.54698741,0.171227764,31200,0.546631336,0.610429448,29975491,213627,27395,-0.157060784
208035,Western Oklahoma State College,2,5730,4691,6370,7045,10490,11634,0.4935,0.1319,9000,99.91845,0.580708661,0.266596318,31100,0.500823736,0.619354839,3801868,212726,2261,-0.120178575
208275,Blue Mountain Community College,2,10679,9947,10574,11730,13544,13289,0.3221,0.3273,14549,161.5237255,0.460294118,0.267062064,28800,0.495726496,0.58677686,4087080,218222,4652,-0.082503356
208318,Central Oregon Community College,2,9322,8329,8954,11407,13336,13931,0.5422,0.4008,19498,216.4677709,0.49067886,0.228238424,29500,0.497967482,0.574944072,14857603,216647,10565,-0.072911554
208390,Chemeketa Community College,2,8025,7251,7820,9629,11077,10667,0.5239,0.3766,18250,202.6124125,0.51316431,0.21354116,29700,0.489688635,0.582214765,29163676,215641,21100,-0.0719034
208406,Clackamas Community College,2,4246,4219,4402,4629,7448,7448,0.4877,0.2869,14861.5,164.9931161,0.539776075,0.194494536,33800,0.528433919,0.949891068,11431274,212625,14397,-0.478324987
209074,Linn-Benton Community College,2,9252,8032,8555,11527,12610,12796,0.516,0.3983,17410,193.2866905,0.593018643,0.19901396,31500,0.486522019,0.581081081,5308620,217106,11121,-0.0676031
209250,Mt Hood Community College,2,10658,10123,10645,12072,13841,14076,0.5195,0.3427,14332,159.1145806,0.532444124,0.203144964,33100,0.52885747,0.688592839,19211000,219373,16191,-0.217450309
209746,Portland Community College,2,8335,7292,8558,10103,12136,12483,0.5879,0.4632,17500,194.285875,0.610248447,0.186653787,33100,0.54071784,0.625377644,69692504,217038,50557,-0.166095484
210155,Southwestern Oregon Community College,2,9214,7366,8223,11153,12610,12070,0.4975,0.3696,12000,133.2246,0.613702624,0.26091236,27600,0.426807761,0.412811388,4516002,217521,2368,0.160380851
210605,Community College of Allegheny County,2,6408,5366,6058,8117,9901,10083,0.5544,0.4115,11556.5,128.3008408,0.646108664,0.152991058,30100,0.519153416,0.542085427,31741209,215971,28329,-0.061238843
211079,Community College of Beaver County,2,7903,6335,7723,10126,10654,11748,0.6065,0.3269,12373.5,137.3712157,0.70505618,0.191419908,33700,0.552391827,0.509009009,4293555,217414,3232,-0.061400836
211307,Bucks County Community College,2,9025,6941,8192,10662,11773,11979,0.7109,0.461,11375,126.2858188,0.761508951,0.151163869,35800,0.580619514,0.362745098,9932111,218248,15618,0.056635388
211343,Butler County Community College,2,4298,2483,3242,6059,7504,7824,0.6032,0.398,9000,99.91845,0.736100815,0.201438746,29900,0.498873025,0.436314363,5355545,213826,5215,0.064812612
212878,Harrisburg Area Community College-Harrisburg,2,10662,9212,9817,12059,13834,14014,0.5764,0.4679,21000,233.14305,0.631852654,0.156868288,34000,0.575933635,0.475625823,41754741,222090,29063,-0.051559458
213525,Lehigh Carbon Community College,2,5460,3881,4697,7165,8529,8729,0.555,0.3865,11500.5,127.679126,0.676283619,0.18965939,31500,0.549748719,0.435628743,6149494,217406,10287,0.014622538
213659,Luzerne County Community College,2,6104,4746,5603,8275,9646,9863,0.5921,0.3617,10000,111.0205,0.735813066,0.250276617,31300,0.51879698,0.53400223,11307317,218405,8899,-0.05279921
214111,Montgomery County Community College,2,8478,6501,7362,9275,11270,11454,0.6168,0.4021,12000,133.2246,0.675812274,0.189552482,35500,0.563835621,0.395494368,14874299,220612,20250,0.040670011
214379,Northampton County Area Community College,2,6052,4529,5242,7825,9986,10452,0.6252,0.4227,12737,141.4068109,0.65625,0.265990271,32500,0.497409314,0.482830385,18833765,218908,14744,0.019760301
215585,Reading Area Community College,2,10369,9104,9832,12014,13607,13713,0.4786,0.4312,14784,164.1327072,0.483978957,0.112857661,30200,0.5220294,0.497716895,11201123,224689,6405,-0.019746295
216296,Thaddeus Stevens College of Technology,2,6530,1948,4304,6434,12134,13390,0.654,0,7515.5,83.43745678,0.774535809,0.582277013,39000,0.68271333,0.36971831,4891003,218244,1044,-0.05243164
217475,Community College of Rhode Island,2,6552,4883,6202,8762,10380,10588,0.6447,0.4724,8500,94.367425,0.744502618,0.159752987,29100,0.46133852,0.518656716,31185704,222358,23464,0.020004764
218025,Florence-Darlington Technical College,2,5894,5540,6119,7522,9772,10151,0.4627,0.3328,12000,133.2246,0.488666667,0.187732082,25100,0.411595881,0.753943218,18416290,223565,8335,-0.165539099
218140,Horry-Georgetown Technical College,2,7543,6799,7758,8760,10258,10395,0.5694,0.4378,16000,177.6328,0.534173855,0.189444997,25100,0.429922134,0.571428571,18170015,224939,10071,-0.001350705
218353,Midlands Technical College,2,6097,5585,5827,6947,8138,8061,0.5197,0.3943,12000,133.2246,0.607891061,0.135303529,28400,0.483632773,0.577964519,28056137,223938,16105,-0.061597292
218520,Piedmont Technical College,2,7473,7380,6911,8524,9571,9276,0.5856,0.4629,11250,124.8980625,0.502653928,0.208804669,25300,0.403632104,0.720062208,17493812,225900,8401,-0.123694312
218672,University of South Carolina-Lancaster,2,9838,8193,9760,11832,13239,14088,0.5367,0.119,22500,249.796125,0.903411821,0.246269104,28100,0.519999981,0.504464286,3252634,226865,2355,-0.024464267
218681,University of South Carolina-Salkehatchie,2,13392,12744,12256,14818,16470,15887,0.4549,0.1458,11000,122.12255,0.496815287,0.223654386,24600,0.364285707,0.625984252,3290308,231425,1257,0.009730041
218690,University of South Carolina-Sumter,2,9140,6356,8504,11264,13303,13345,0.5539,0.25,12436,138.0650938,0.728813559,0.101524713,32800,0.495412856,0.4,1786008,225046,1164,0.104587144
218706,University of South Carolina-Union,2,9865,9803,8510,10172,12034,13408,0.4419,0.375,18883,209.6400102,0.443983402,0.289752273,28500,0.411764711,0.662162162,1359449,228509,703,-0.073926873
218830,Spartanburg Community College,2,4542,4652,3757,4665,6808,5161,0.5621,0.3343,5250,58.2857625,0.627719581,0.171788889,24600,0.45221445,0.63003663,12995244,223482,8015,-0.08225108
218885,Tri-County Technical College,2,9411,8881,8479,10353,11238,11516,0.4563,0.3717,8000,88.8164,0.511591963,0.121565312,26100,0.454918027,0.537755102,11533174,227766,8636,0.007326871
218894,Trident Technical College,1,6433,6101,6309,7127,8481,8571,0.5294,0.3652,20000,222.041,0.575423729,0.126916,29100,0.5,0.646142433,39554114,224995,24083,-0.146142433
218991,York Technical College,2,6749,6652,6571,7147,8270,7591,0.523,0.4013,10475,116.2939738,0.569444444,0.18320947,25300,0.42125985,0.66733871,12967481,225643,7182,-0.08859856
219143,Lake Area Technical Institute,2,12436,10431,10902,13562,14719,14702,0.8039,0.5889,12000,133.2246,0.866462793,0.693597656,35000,0.660287082,0.339256866,3241829,229574,1894,0.000456052
219189,Mitchell Technical Institute,2,11327,8808,9715,12532,13875,13891,0.7868,0.7778,12000,133.2246,0.789237668,0.657740063,38000,0.671742797,0.299003322,2283564,227997,1476,0.029253881
219426,Southeast Technical Institute,2,12271,11134,11017,13574,15022,15069,0.6014,0.6207,13229,146.8690195,0.778062532,0.422869983,36000,0.698666692,0.524793388,4894730,230560,3034,-0.22346008
219480,Western Dakota Technical Institute,2,11309,9623,10782,13324,14195,14726,0.4108,0.3333,12065,133.9462333,0.622469636,0.396902191,31000,0.564841509,0.523364486,2923713,229103,1380,-0.088205995
219824,Chattanooga State Community College,2,8062,7605,7869,10398,11911,12372,0.5187,0.4528,11815,131.1707208,0.461418376,0.126650237,27700,0.467395544,0.689839572,23101579,227429,13104,-0.157235116
219888,Columbia State Community College,2,6300,5023,6033,8310,10011,10428,0.5786,0.4048,11000,122.12255,0.63674148,0.204345561,28500,0.50597012,0.506591337,9593643,224911,7070,-0.012561457
220057,Dyersburg State Community College,2,9402,8793,9010,10768,13410,13730,0.4746,0.2986,8000,88.8164,0.50308642,0.12745473,27600,0.446534663,0.681222707,7341320,228850,4143,-0.12775737
221096,Motlow State Community College,2,7641,6320,7274,9928,11464,11648,0.5307,0.3516,5025,55.78780125,0.605582524,0.213312055,26700,0.438066453,0.487394958,5876125,227416,6434,0.074538589
221184,Nashville State Community College,1,6316,5750,6462,9171,10231,10509,0.4987,0.4249,13000,144.32665,0.458066942,0.162746314,30100,0.477941185,0.736070381,21702826,226934,14573,-0.214011566
221397,Roane State Community College,2,7653,6610,7878,10232,12241,12173,0.605,0.4507,11236,124.7426338,0.637219406,0.195335012,26400,0.480232567,0.59733777,12290329,228007,8183,-0.077570337
221643,Pellissippi State Community College,2,8601,7682,8278,10837,12224,12398,0.5464,0.4987,11250,124.8980625,0.572561186,0.21670421,26900,0.445952505,0.591780822,20233190,229325,15244,-0.037733327
221908,Northeast State Community College,2,6658,6004,6486,8757,10799,10300,0.5632,0.404,9000,99.91845,0.550609756,0.209163957,26100,0.396179914,0.637181409,12684459,227912,7676,-0.033361323
222053,Volunteer State Community College,2,9201,7859,8501,11359,12641,12683,0.5714,0.4311,6500,72.163325,0.638529887,0.175923971,30100,0.525853157,0.491891892,13251172,229912,11482,-0.017745049
222062,Walters State Community College,1,4068,3364,3594,6975,8004,9131,0.5552,0.3915,6275.5,69.67091478,0.623032312,0.250837477,26200,0.40504998,0.596087457,11298544,225426,8010,-0.001137437
222992,Austin Community College District,2,9610,7933,8940,11822,13468,13559,0.5552,0.4315,11500,127.673575,0.553908046,0.073395372,34700,0.549236894,0.5,53348387,230925,67145,-0.049236894
223427,Blinn College,2,11709,11430,12051,12550,11725,12899,0.5479,0.496,11840,131.448272,0.625346704,0.101596763,36900,0.56699574,0.632603406,25183739,234857,26068,-0.199599146
223922,Clarendon College,1,8527,7963,8502,9225,10558,10699,0.6359,0.48,8500,94.367425,0.540130152,0.295065347,29200,0.48477158,0.54954955,3457953,231885,2095,-0.03432113
224110,North Central Texas College,2,5476,3955,4523,7313,9438,9578,0.4925,0.4991,7350,81.6000675,0.56678487,0.163334198,32400,0.583559155,0.513513514,14766971,228065,15247,-0.097072669
224642,El Paso Community College,2,3697,3177,4389,6443,8860,9466,0.6297,0.5088,6478,71.9190799,0.61968254,0.181883896,25500,0.360409558,0.739891622,68474352,227819,39225,-0.10030118
224891,Frank Phillips College,1,6172,5483,5798,7973,10364,11024,0.4106,0.5625,8000,88.8164,0.5,0.324253678,29500,0.444444448,0.653061224,1864054,230374,1481,-0.097505672
225308,Trinity Valley Community College,2,6995,6215,6641,8948,10882,11529,0.5526,0.5016,10500,116.571525,0.442812983,0.248974264,28500,0.463177115,0.606312292,14315738,231523,10673,-0.069489407
225371,Hill College,1,8504,7256,7851,9650,12945,12102,0.6552,0.3108,9942,110.3765811,0.51944793,0.146692701,28200,0.470807463,0.505681818,8497304,232627,6379,0.023510719
225423,Houston Community College,2,8671,8191,8984,10981,13019,13330,0.611,0.4483,12415,137.8319508,0.435071501,0.187143257,32700,0.514306068,0.737439222,110665937,233614,87344,-0.25174529
226107,Lamar State College-Orange,1,3478,2980,3718,4287,6843,7618,0.4679,0.4355,10280,114.129074,0.485013624,0.238967732,26600,0.471449494,0.693333333,4136448,229087,3142,-0.164782827
226116,Lamar State College-Port Arthur,2,9632,8640,10083,11119,14215,14565,0.5667,0.3529,9750,108.2449875,0.401069519,0.229210187,27600,0.460567832,0.621428571,4357832,234756,3461,-0.081996403
226204,Lee College,1,7175,6413,8126,9218,8006,8072,0.6297,0.4953,9000,99.91845,0.524886878,0.263991595,28600,0.54954952,0.632124352,11202297,232617,8703,-0.181673872
226578,McLennan Community College,2,7455,6849,7962,9883,10604,11431,0.5246,0.3922,15063,167.2301792,0.442146597,0.192546028,30500,0.506083846,0.674418605,17690312,233427,12867,-0.180502451
227146,Navarro College,2,8957,8169,8589,11048,12811,13554,0.5004,0.3862,14148,157.0718034,0.376221929,0.197242116,31100,0.492497802,0.610186092,23569234,235315,14365,-0.102683894
227182,Lone Star College System,2,6141,5442,6181,8413,9822,10147,0.6183,0.5161,11793,130.9264757,0.507036747,0.161664823,32900,0.540549576,0.660484481,92604201,232624,99679,-0.201034057
227225,Northeast Texas Community College,2,6421,5644,6011,8927,11205,9972,0.6137,0.5203,9250,102.6939625,0.47826087,0.248312135,26500,0.421195656,0.629893238,8590236,232869,4575,-0.051088894
227924,San Antonio College,2,4461,3928,4856,6637,8934,9314,0.5804,0.4331,10537.5,116.9878519,0.567879326,0.083828414,30600,0.475792408,0.692411924,47302030,231852,34369,-0.168204332
227979,San Jacinto Community College,2,7217,6554,7341,9011,11818,11812,0.6692,0.5246,9500,105.469475,0.542593597,0.186269485,35600,0.548568964,0.62599278,38729623,234533,40943,-0.174561744
228316,Southwest Texas Junior College,2,6903,6284,7313,9318,12013,11897,0.549,0.4069,7000,77.71435,0.543396226,0.276449322,26500,0.408419907,0.706935123,10642570,234600,7054,-0.11535503
228547,Tarrant County College District,2,5983,5767,5888,7947,9582,9832,0.5614,0.4496,8542,94.8337111,0.517849074,0.129768559,34300,0.539585888,0.860382707,81426702,234314,76904,-0.399968595
228608,Temple College,2,7194,6293,7152,9306,10265,10748,0.4792,0.4038,16559,183.838846,0.473218238,0.1185818,31100,0.531680465,0.632142857,12807910,234901,7844,-0.163823322
228680,Texas State Technical College-Waco,2,8104,6873,7209,9703,11706,12108,0.4891,0.3,14000.5,155.434251,0.431756553,0.298384912,33500,0.530652106,0.558238636,8609901,235553,4882,-0.088890742
229319,Texas State Technical College-Harlingen,2,9654,9474,9172,11623,13486,14694,0.5235,0.4141,6562.5,72.85720313,0.444820582,0.27477675,26900,0.430858165,0.78891258,14886288,238793,7997,-0.219770745
229328,Texas State Technical College-West Texas,2,17366,17042,16896,18036,19141,19141,0.4167,0.8286,9500,105.469475,0.49912892,0.359664032,30500,0.529118121,0.605633803,2674440,246370,1601,-0.134751924
229355,Tyler Junior College,2,8229,7030,7931,10424,11433,11765,0.47,0.3462,12598.5,139.8691769,0.451189898,0.177584932,30400,0.491675526,0.551488834,21592327,236385,14596,-0.04316436
229504,Vernon College,1,6282,4472,5048,8533,9808,10770,0.5247,0.4583,9500,105.469475,0.544430538,0.376041322,29900,0.5222857,0.476744186,7107176,233976,7450,0.000970114
229540,Victoria College,2,7798,7072,8424,9077,11398,11745,0.6543,0.4692,9500,105.469475,0.590563166,0.187736501,32500,0.51512289,0.666666667,6140289,236612,5762,-0.181789557
230746,Salt Lake Community College,2,7169,7122,7508,8316,11192,5642,0.5225,0.4458,9000,99.91845,0.710696471,0.297763883,36200,0.571794868,0.925480769,43954272,237868,46857,-0.497275637
230861,Community College of Vermont,2,10159,8775,9477,11642,13435,14004,0.5768,0.4051,11982,133.0247631,0.625,0.185320656,25400,0.444860816,0.475138122,9644680,239636,10794,0.080001062
231536,Blue Ridge Community College,2,8412,7189,7787,10343,12233,12233,0.6564,0.3692,9800,108.80009,0.670958512,0.277594006,31700,0.500627339,0.639175258,7094966,238725,6293,-0.139802597
231536,Blue Ridge Community College,2,8412,7189,7787,10343,12233,12233,0.6564,0.3692,9800,108.80009,0.670958512,0.277594006,31700,0.500627339,0.52189781,7094966,238725,6293,-0.022525149
231873,Dabney S Lancaster Community College,2,4394,2326,4162,6213,8714,8714,0.6069,0.377,9500,105.469475,0.631578947,0.332418182,27500,0.426116824,0.476635514,2034816,234199,1872,0.097247662
231882,Danville Community College,1,5980,5399,6099,8082,10239,10712,0.6328,0.4096,5500,61.061275,0.519650655,0.273991803,27700,0.41301775,0.710447761,8398176,237281,6041,-0.123465511
232414,J Sargeant Reynolds Community College,2,7307,6137,6953,9284,11052,11262,0.6065,0.3895,13316,147.8348978,0.503117207,0.16136988,30800,0.508391976,0.584,20844280,238551,18408,-0.092391976
232450,John Tyler Community College,2,6594,5234,5898,8167,10148,10411,0.5827,0.3827,11699,129.882883,0.618397086,0.154571672,33800,0.544223845,0.521904762,11664338,237684,13980,-0.066128607
232867,New River Community College,2,5787,4922,5064,7424,10150,10190,0.573,0.3837,8000,88.8164,0.623239437,0.280282251,30000,0.512487531,0.641304348,6578924,237789,7038,-0.153791879
232946,Northern Virginia Community College,2,9637,8037,8938,11091,13324,13571,0.6952,0.453,11500,127.673575,0.674363247,0.262876142,41700,0.618808329,0.509069401,63777975,240983,77332,-0.12787773
233116,Piedmont Virginia Community College,2,7541,6478,7023,8042,11177,11349,0.6339,0.4326,8750,97.1429375,0.619909502,0.262770643,29400,0.508637249,0.497206704,5807492,239594,7800,-0.005843953
233338,Richard Bland College of the College of William and Mary,2,8701,8252,8518,9594,11083,12627,0.5495,0.3077,10869,120.6681815,0.585820896,0.276006994,32100,0.566137552,0.60251046,4521600,241590,1832,-0.168648012
233754,Thomas Nelson Community College,2,7775,6651,7294,8902,11254,11603,0.6042,0.3804,10500,116.571525,0.537090282,0.163487591,28700,0.445003599,0.574850299,18361963,240405,16212,-0.019853898
233772,Tidewater Community College,2,6379,4962,6205,8289,10382,10521,0.6019,0.3635,10250,113.7960125,0.551412807,0.195043027,29400,0.479697615,0.592610837,53503750,238734,42442,-0.072308452
233949,Virginia Western Community College,2,7173,6252,7354,8443,10816,11110,0.5924,0.4289,12000,133.2246,0.539344262,0.247784679,28900,0.491050571,0.604606526,12044341,240201,12849,-0.095657097
234377,Wytheville Community College,1,1750,1449,1615,2718,5287,6798,0.5984,0.4034,6230,69.1657715,0.743902439,0.404732889,26700,0.404458612,0.650909091,5444746,235826,4594,-0.055367703
234933,Clark College,2,6906,5772,7086,9276,12070,12289,0.602,0.4474,14496,160.9353168,0.571945047,0.316330721,32800,0.524975955,0.602236422,25339740,240705,16609,-0.127212377
234951,Clover Park Technical College,1,5548,4415,6339,8812,11423,11423,0.6325,0.4545,12667,140.6296674,0.527520099,0.351747853,32900,0.539030373,0.705128205,7332876,239366,6127,-0.244158578
235103,Edmonds Community College,1,7033,5859,7737,9271,11479,12174,0.6265,0.5109,12209,135.5449285,0.629565217,0.313810749,35500,0.569070399,0.655555556,11821365,240962,13935,-0.224625955
235149,Everett Community College,2,7474,6169,7509,9768,12698,12567,0.5819,0.49,9975,110.7429488,0.631709331,0.284087603,35300,0.545307457,0.602272727,9817806,241318,13613,-0.147580184
235237,Pierce College at Fort Steilacoom,2,7137,5976,7095,10073,11798,12178,0.5163,0.4079,12704,141.0404432,0.649817296,0.256357584,34200,0.558011055,0.631067961,10206216,241213,10948,-0.189079016
235343,Green River Community College,1,8079,6451,7729,10034,12978,13391,0.6245,0.5495,10396,115.4169118,0.585043018,0.36391642,36600,0.57977885,0.52173913,13453579,241794,11600,-0.10151798
235431,Highline Community College,2,6911,5843,7203,9127,13012,13012,0.5854,0.4868,9329,103.5710245,0.599051008,0.341105,36100,0.535256386,0.623287671,12190545,241274,10151,-0.158544057
235671,Bates Technical College,1,8153,7012,8707,10842,12655,13045,0.6225,0.5556,6156,68.3442198,0.572,0.483567595,35300,0.594637215,0.672566372,3996616,242683,7055,-0.267203587
235750,Lower Columbia College,1,6251,5491,5989,8514,11267,11873,0.5455,0.32,14833,164.6767077,0.516275549,0.341293849,29100,0.501319289,0.733333333,15740449,241241,4681,-0.234652622
236382,Renton Technical College,1,7532,6223,7195,9970,12556,12556,0.689,0.5152,8575,95.20007875,0.693094629,0.611501079,35100,0.59597522,0.577319588,4485901,242605,6142,-0.173294808
236610,Shoreline Community College,2,8396,6896,8152,11194,12352,12969,0.6238,0.6316,11964,132.8249262,0.680779001,0.352777405,40500,0.613572121,0.553398058,7922744,243506,9076,-0.166970179
236638,Skagit Valley College,2,8820,7656,8246,11575,13633,13708,0.5785,0.3421,12034,133.6020697,0.654263566,0.244905467,31300,0.489361703,0.564102564,8557585,244294,7560,-0.053464267
236656,South Puget Sound Community College,2,7032,6118,7404,9035,10785,12214,0.6,0.471,9331,103.5932286,0.562974203,0.322448196,31600,0.48512587,0.656410256,8146392,242774,7214,-0.141536126
236692,Spokane Community College,2,5401,4618,5812,8230,10690,10861,0.5179,0.4792,16060,178.298923,0.504830918,0.27942984,30600,0.505585611,0.711297071,20014839,241310,10073,-0.216882682
236708,Spokane Falls Community College,2,7399,5968,7409,10216,12088,11890,0.5452,0.3724,11000,122.12255,0.518654998,0.263795644,28300,0.46182397,0.571428571,14477968,242676,14328,-0.033252541
236753,Tacoma Community College,2,5896,4819,6001,8774,11120,11743,0.6234,0.5149,15455,171.5821828,0.586538462,0.25217306,34500,0.55276382,0.644670051,15369826,241572,11416,-0.197433871
236887,Walla Walla Community College,1,6375,5444,6490,8354,10099,11721,0.6722,0.3333,12000,133.2246,0.624884793,0.428207179,31400,0.521212101,0.621794872,9189371,242331,8254,-0.143006973
236975,Wenatchee Valley College,2,6240,5518,6402,8630,11156,11756,0.6121,0.4521,12634.5,140.2688507,0.565022422,0.357598467,31500,0.487544477,0.635451505,7989594,242493,4837,-0.122995982
237039,Whatcom Community College,2,6579,5275,6663,9482,11364,12200,0.5942,0.5043,11000,122.12255,0.69296741,0.346220321,31100,0.520426273,0.589928058,6933511,242314,6006,-0.110354331
237109,Yakima Valley Community College,2,7154,6180,7136,9348,12683,12883,0.614,0.4353,10500,116.571525,0.640202703,0.289686146,30700,0.493379802,0.622009569,11935033,243289,5923,-0.115389371
238014,West Virginia Northern Community College,2,3369,2287,4270,6541,7129,9151,0.5236,0.2903,10160,112.796828,0.424434389,0.155901585,23600,0.386923909,0.665198238,4607975,240301,3117,-0.052122147
238397,Blackhawk Technical College,1,9236,8503,9531,10549,12863,12950,0.5797,0.3447,10141.5,112.5914401,0.626028422,0.466277644,31200,0.52190721,0.671296296,5765958,246900,3668,-0.193203506
238722,Fox Valley Technical College,1,8181,6137,7178,9239,11139,11194,0.6346,0.4758,10885,120.8458143,0.726697151,0.389925,35200,0.601483822,0.376569038,33819218,244859,16704,0.02194714
238759,Gateway Technical College,1,8264,7006,7378,10685,12318,12354,0.6349,0.5233,11000,122.12255,0.520369593,0.307474627,30500,0.481894165,0.574144487,15459456,245765,13636,-0.056038652
239008,Lakeshore Technical College,1,8728,6954,6931,9890,11414,11438,0.6978,0.6188,8229.5,91.36432048,0.789590255,0.427556159,32300,0.613747954,0.361702128,3457081,245962,4531,0.024549918
239220,Mid-State Technical College,1,9983,8360,9341,11413,12721,12850,0.5592,0.5953,9250,102.6939625,0.70081663,0.340915702,32200,0.549539149,0.445652174,5518289,247580,4958,0.004808677
239248,Milwaukee Area Technical College,2,9174,7949,9197,11045,13084,13312,0.5005,0.4672,12112.5,134.4735806,0.512769618,0.18061982,30500,0.499882668,0.61618799,38667965,247197,25058,-0.116070658
239372,Moraine Park Technical College,1,10969,8954,9316,11790,13773,13916,0.7415,0.5962,9625,106.8572313,0.72691397,0.433719277,33000,0.540456414,0.4,5317771,248326,10602,0.059543586
239442,Nicolet Area Technical College,1,7083,7009,8495,4655,9929,11329,0.6522,0.5763,7996,88.7719918,0.678362573,0.361885575,26400,0.437673122,0.952380952,2950631,246451,1793,-0.390054074
239460,Northcentral Technical College,1,9614,8859,9378,10500,12569,12265,0.661,0.6632,8875,98.53069375,0.748191979,0.43044758,34600,0.607231915,0.574610245,8673726,248319,8308,-0.18184216
239488,Northeast Wisconsin Technical College,1,9669,8291,9001,10808,12828,12928,0.5313,0.5012,12387,137.5210934,0.688064818,0.517715152,35300,0.635699391,0.469798658,15103914,247779,14185,-0.105498049
240055,University of Wisconsin Colleges,2,9387,6313,7278,10640,12829,13069,0.5634,0.4242,10847,120.4239364,0.761648413,0.238362525,33000,0.525877774,0.29028133,22036453,246368,18270,0.183840896
240116,Chippewa Valley Technical College,1,9350,8066,8393,10838,12535,12782,0.5909,0.5395,13973.5,155.1344957,0.723533163,0.384121555,36000,0.611510813,0.49201278,9561944,248182,8739,-0.103523593
240125,Waukesha County Technical College,1,9385,8095,9251,10255,12399,12571,0.6991,0.5274,14250,158.2042125,0.676389653,0.355548441,38100,0.566552877,0.497584541,6848897,248220,14274,-0.064137418
240170,Western Technical College,1,9647,8776,9942,10252,10464,10864,0.6282,0.503,13000,144.32665,0.719533276,0.422186813,32000,0.591190636,0.391975309,7770161,248946,6219,0.016834055
240170,Western Technical College,1,9647,8776,9942,10252,10464,10864,0.6282,0.503,13000,144.32665,0.719533276,0.422186813,32000,0.591190636,0.878787879,7770161,248946,6219,-0.469978515
240170,Western Technical College,1,9647,8776,9942,10252,10464,10864,0.6282,0.503,13000,144.32665,0.719533276,0.422186813,32000,0.591190636,0.768518519,7770161,248946,6219,-0.359709155
240198,Wisconsin Indianhead Technical College,1,10053,8582,9040,11564,13061,13235,0.6795,0.7869,8000,88.8164,0.70928382,0.448360389,32100,0.533916831,0.440860215,5968106,248780,5914,0.025222954
240505,Casper College,2,3316,1922,1748,4953,6498,7023,0.601,0.3409,13100,145.436855,0.680878553,0.36119924,32900,0.561676621,0.473214286,5730480,242427,5544,-0.034890907
240514,Central Wyoming College,2,3512,2127,3394,5108,8324,7187,0.4712,0.2308,10575,117.4041788,0.578389831,0.376402247,30500,0.45012787,0.55952381,3469379,242641,3221,-0.00965168
240596,Eastern Wyoming College,2,9812,7220,9113,9985,13006,13006,0.6089,0.2778,10500,116.571525,0.73828125,0.396417136,26200,0.423728824,0.346153846,2435983,247816,2418,0.23011733
240620,Laramie County Community College,2,9010,6475,8081,10043,11124,11177,0.5289,0.2523,8063,89.51582915,0.709639954,0.167645994,32400,0.562195122,0.311764706,6946449,247095,7163,0.126040172
240657,Northwest College,2,5104,4251,4377,5567,7848,8067,0.5357,0.2813,11725,130.1715363,0.759358289,0.344777604,28800,0.470692724,0.462184874,3139095,244908,2568,0.067122402
240666,Sheridan College,2,9235,8078,8325,10160,11969,12329,0.5551,0.3947,8480.5,94.15093503,0.715447154,0.328269556,32300,0.574774802,0.5,4303737,248744,7007,-0.074774802
240693,Western Wyoming Community College,2,6693,5520,7007,7934,8272,8860,0.6853,0.3273,8000,88.8164,0.698729583,0.534801099,31100,0.537473261,0.4625,4539020,246213,5678,2.67E-05
245625,Warren County Community College,2,7969,6326,6284,9427,11344,11485,0.6051,0.3943,9800,108.80009,0.781420765,0.311326415,31300,0.517241359,0.421383648,2504067,251951,2948,0.061374993
247603,Sussex County Community College,2,10173,8441,9291,11632,12191,12389,0.6649,0.4198,9755,108.3004978,0.706834532,0.265472392,32600,0.502683342,0.353312303,7582647,256044,4518,0.144004355
247834,Collin County Community College District,2,5535,4298,5489,7326,8996,8901,0.6312,0.4787,13350,148.2123675,0.56713555,0.147963516,35400,0.58841157,0.535449735,25294808,252132,41301,-0.123861305
247940,Owensboro Community and Technical College,1,6602,5866,5857,7788,9758,10182,0.6043,0.4522,9740,108.133967,0.556973564,0.3981367,25000,0.44168961,0.576687117,9658077,253806,5818,-0.018376727
251260,Southern Union State Community College,2,8275,7565,8013,10466,12098,12292,0.5492,0.4539,7750,86.0408875,0.593522802,0.194963425,29000,0.452591658,0.659658344,12423837,258825,7021,-0.112250002
262031,St Charles Community College,2,3454,2213,2983,4800,5913,6573,0.6012,0.342,8225,91.31436125,0.679098005,0.204903463,32000,0.51290071,0.453416149,6776451,264244,10543,0.033683141
366395,Suffolk County Community College,2,7044,4098,5749,8002,9833,10395,0.639,0.4539,8000,88.8164,0.732044858,0.268383528,36700,0.562803626,0.288900551,33376854,370493,33850,0.148295823
367459,NorthWest Arkansas Community College,2,6846,5727,6820,8893,10683,10802,0.5005,0.4192,16600,184.29403,0.581703107,0.194944118,32300,0.561419487,0.558718861,13097834,373186,11624,-0.120138348
383367,Greater Altoona Career & Technology Center,1,11251,9537,12571,14165,14165,14165,0.9172,0.8333,9500,105.469475,0.714285714,0.918385714,28700,0.495652169,0.547619048,660702,392904,330,-0.043271217
384333,Estrella Mountain Community College,2,7696,6881,7430,9506,11540,11214,0.6138,0.4189,6136.5,68.12772983,0.54469956,0.17949062,30800,0.545049071,0.542288557,17230788,391214,13009,-0.087337628
384342,Heartland Community College,2,7493,5985,6758,9155,10503,9901,0.5996,0.3135,7924.5,87.97819523,0.54939759,0.321441926,27900,0.397590369,0.479310345,5038872,390327,9499,0.123099286
403478,Lincoln Trail College,2,863,-809,1969,2700,4984,4075,0.6457,0.1538,4145.5,46.02354828,0.695652174,0.38948,31500,0.400778204,0.569444444,2254870,402669,1720,0.029777352
403487,Wabash Valley College,1,878,-395,889,2109,5015,5498,0.6165,0.0667,3500,38.857175,0.735294118,0.472177778,28900,0.454225361,0.50877193,3890098,403092,18739,0.037002709
404426,Coconino Community College,2,9809,9008,10083,11027,14181,14222,0.448,0.2467,13622.5,151.2376761,0.492753623,0.073940816,29100,0.472380966,0.646017699,4315707,413434,6019,-0.118398665
407461,Eastland-Fairfield Career and Technical Schools,1,6280,5620,5751,7466,8820,8820,0.8526,1,9301,103.2601671,0.653631285,0.916083893,25100,0.548223376,0.428571429,864861,413081,350,0.023205195
414911,Pennsylvania Highlands Community College,2,2873,1608,1449,4778,5695,7098,0.5698,0.6129,8133,90.29297265,0.683631362,0.30611028,27800,0.478087664,0.484304933,3748530,416519,3684,0.037607403
418065,Eastern Suffolk BOCES-Practical Nursing Program,1,14270,12595,14062,14917,16385,17184,0.8696,0.7647,9500,105.469475,0.77510917,0.787389053,43000,0.80392158,0.390909091,622764,430660,434,-0.194830671
418409,York County School of Technology-Adult & Continuing Education,1,13795,13464,12283,13675,15600,15900,0.8537,0.8163,9500,105.469475,0.717171717,0.833373333,39700,0.774193525,0.65625,266061,431873,998,-0.430443525
418454,Greater Johnstown Career and Technology Center,1,11355,11322,9119,12003,14319,14763,0.8283,0.7647,8597.5,95.44987488,0.784313725,0.985936973,36600,0.70157069,0.664383562,568757,429776,246,-0.365954252
418515,Lenape Technical School Practical Nursing Program,1,13562,12466,13374,14177,16381,16287,0.8222,0.9583,12230,135.7780715,0.832214765,0.815528155,35200,0.712643683,0.592105263,401062,430981,176,-0.304748946
418533,Lancaster County Career and Technology Center,1,8652,7967,7711,9526,11370,11499,0.699,0.8545,9790,108.6890695,0.717687075,0.752138462,34200,0.693811059,0.596638655,1205962,426500,578,-0.290449714
420440,York County Community College,2,9393,7913,7996,11381,12836,13389,0.6294,0.504,7781.5,86.39060208,0.680693069,0.180273469,27500,0.432038844,0.495934959,2937657,428353,2339,0.072026197
420468,Western Suffolk BOCES,1,27199,25686,27289,28358,30425,30425,0.8883,0.84,8971,99.59649055,0.803921569,0.792778679,52800,0.686486483,0.523809524,834574,446154,462,-0.210296007
420538,Arkansas State University-Mountain Home,1,11544,11103,12167,13147,15647,15647,0.5584,0.3421,20959,232.687866,0.646862951,0.502271233,32700,0.514132679,0.716981132,4877497,431641,2673,-0.231113811
431105,Dutchess BOCES-Practical Nursing Program,1,17171,15603,16383,18189,19756,20289,0.9412,0.7581,9500,105.469475,0.724137931,0.708313889,43900,0.745283008,0.391304348,240288,446708,204,-0.136587356
433138,Wayne County Schools Career Center,1,4070,758,4116,9220,13660,14770,0.7444,0.9502,8729,96.90979445,0.681818182,0.738716216,22800,0.556818187,0.615384615,720674,433896,552,-0.172202802
434672,The Community College of Baltimore County,2,7748,6703,7462,9656,11521,11875,0.516,0.4124,13211,146.6691826,0.559322034,0.136683238,34200,0.554144859,0.565270936,41417490,441375,33064,-0.119415795
439145,Pierce College at Puyallup,2,9381,7455,8462,10926,13537,13792,0.5119,0.4857,12704,141.0404432,0.649817296,0.23873038,34200,0.558011055,0.45890411,5495655,446600,5391,-0.016915165
441760,Lamar Institute of Technology,2,9942,9030,10140,12495,12998,14139,0.5144,0.4074,10698,118.7697309,0.458246347,0.235006195,48200,0.552252233,0.650641026,4133558,450790,3827,-0.202893259