UNITID,F1E01,F1E02,F1E05,F1E06,F1B16
100654,14316104,1776313,0,218186,0
100663,17539067,12656531,8705205,36781436,43981418
100706,7395098,124697,2914422,10942577,1655115
100724,17697030,299073,2800609,15747501,356024
100733,,,,,0
100751,26082224,2802441,13864748,141278896,56587991
100760,5005503,0,0,1392184,0
100812,5290802,208206,0,1099517,0
100830,8005304,143910,512505,6549599,838122
100858,14032340,623096,23852573,81534407,35784224
101028,5610857,0,0,783584,942
101143,4993205,124048,1469,1254604,47725
101161,9503650,234790,0,2697260,0
101240,13705930,0,443226,1371045,0
101286,11450111,280803,0,1701458,14744
101295,11616691,215363,0,1675043,106797
101301,5861951,95055,0,503892,15263
101462,3768378,226002,70916,537624,37892
101471,0,0,0,2335543,0
101480,14276790,0,0,17079674,0
101499,2814823,63154,43675,1205866,89373
101505,12112990,345890,100806,1901839,44179
101514,18113133,573265,0,1807235,0
101569,9715859,264556,0,1374456,0
101587,4740855,2680785,0,266578,0
101602,4172535,101673,0,1011477,36269
101648,771790,35069,0,2045349,587748
101709,4694237,200200,620934,7353254,0
101736,9006610,251141,0,1003186,0
101879,9587620,180115,0,8030365,0
101897,7216854,151194,0,1006380,3186
101949,2986641,216888,0,1569445,0
101994,993990,345571,0,354403,0
102030,10896196,370633,0,977500,0
102067,10208477,203931,362691,2162702,75700
102076,6100422,38228,66976,1945112,141290
102094,19094000,1451000,2968000,19892000,16313000
102313,2397696,72393,0,270332,6000
102368,27636618,540707,941961,21468662,0
102429,8870647,208812,0,1227598,0
102553,15596986,1040632,497404,7521170,0
102614,7190689,1857090,480118,6003210,0
102632,1821528,550547,74689,771359,0
102711,406159,0,0,206583,0
103529,,,,,0
104151,97576000,7096000,20236000,227663000,64928000
104160,17164627,545348,7760,2145190,0
104179,47323000,869000,23411000,177488000,78287000
104346,12566830,257954,917940,2286383,334269
104425,6080858,290541,0,535687,0
104577,4885575,324044,2518269,0,0
104708,31578283,619950,4264695,0,877922
105136,,,,,0
105145,8772180,163518,1106235,0,306954
105154,30924474,652870,4460057,0,1451256
105206,9002602,817136,0,0,0
105297,4686348,160692,410906,0,0
105330,35066762,3578708,6193162,62698618,10919359
105349,2650323,65952,12359,1926102,0
105428,22657095,395375,2701937,0,958414
105525,35990658,1190009,1115825,947295,861085
105668,17021087,87910,4165137,0,7533636
105747,8406641,176813,1675385,0,643014
105792,9765117,128670,1629443,0,1095586
106148,10661254,160671,0,838370,761844
106245,16111681,1592958,1065701,18738594,4912231
106263,1197000,410000,755000,1158000,25062000
106397,20902738,937253,22998483,22473056,65609191
106412,8483115,872761,643873,5460646,609732
106449,5574061,200900,232589,1490944,0
106458,20128869,1675995,12488,17805622,1206187
106467,20501097,223721,3433173,10565664,0
106485,8768422,283249,842593,5782089,4509
106625,6048560,136028,126560,685732,1500
106704,17302885,401625,3554254,19957413,400698
106795,2955139,132174,74010,73854,72796
106829,1056833,0,0,0,0
106883,2400517,141286,10700,42612,203319
106980,7720583,138136,358902,1641349,0
106999,3425967,60766,7500,273784,0
107071,7786113,69304,0,8092975,397857
107318,4167972,191864,118394,518085,126841
107327,2384094,441851,147800,41599,179850
107460,5886783,119042,243839,456810,613739
107488,520070,0,42593,0,7927
107521,2328946,24300,244593,19788,0
107549,4509248,84283,0,493334,0
107585,5031819,119020,176405,350411,8624
107619,3302043,106089,358146,340149,0
107637,4971097,211718,37753,170518,0
107664,28650903,285239,0,3972231,202883
107725,3596773,0,61678,152047,0
107743,1729148,160995,142655,314512,0
107974,4135139,50831,212246,261358,711473
107983,6731155,162648,0,6851468,599473
107992,2297201,86454,0,1371939,0
108056,,,,,0
108092,15303065,382916,1137954,6464701,0
108667,6279989,241800,2926014,0,0
108807,10643192,273919,0,1159406,136796
109208,33722163,1651400,9868,3240,96000
109350,31511211,16575976,0,2,0
109819,27206690,226972,0,0,0
109907,7160098,199622,0,0,0
110246,24246879,445102,0,8230260,0
110334,13226978,3420723,0,6329550,0
110398,0,0,1174121,13283335,3898462
110422,16465097,875243,9167110,20484599,16452544
110486,21805215,202982,401073,16544783,1047108
110495,21191879,304742,591465,19786099,714818
110501,,,,,8300
110510,45862804,428090,42536,39479108,50748
110529,44154401,450881,2570359,31969041,3367000
110538,30851957,805844,1563240,29184787,1587579
110547,32868054,632429,937402,28715149,1064191
110556,54806956,554378,0,43381013,3943182
110565,64544230,455863,481217,51792669,567306
110574,26971181,542171,0,24218334,1525089
110583,69778508,777519,6188351,53632588,7338106
110592,59695012,717367,18891,45153489,29130
110608,79814790,985301,4755333,65929945,4852779
110617,62655397,799895,0,47873045,591530
110635,38964000,37914434,60976371,189393877,184112000
110644,50979000,13516117,14960447,150072367,64387000
110653,50136000,7812556,4625308,110865499,38117000
110662,48265000,29371172,46381832,207075085,267997000
110671,50049000,5252216,2826978,85985635,13915000
110680,43621000,24425687,13763270,126210116,74707000
110699,0,9325198,7951008,26880866,157261000
110705,34094000,6772381,6738522,101227349,38903000
110714,32994000,2163974,2862029,70200951,9661000
111188,1648569,66930,406540,1693628,476190
111434,3691538,468554,175826,0,0
111461,15673434,211096,0,70365,890108
111887,36540155,887373,0,0,0
111896,5998045,42900,0,0,0
111920,10689247,147628,0,6457596,0
111939,24467237,428900,0,0,0
112172,16349626,314655,0,0,0
112190,27577164,849682,0,3662808,0
112367,535441,0,0,0,0
112376,,,,,0
112385,7701805,1289882,0,0,0
112561,3089859,91000,0,9053,0
112686,0,0,0,0,0
112817,,,,,16890
112826,7640317,253862,0,91047,140020
113096,14102371,471666,0,3201,2377
113111,5135007,99400,65690,0,0
113193,6351721,88261,466874,0,1676769
113218,9178601,166980,6089680,0,0
113236,15726720,341577,0,0,0
113333,12195850,26743,0,295827,0
113573,15361542,136662,674478,0,0
113634,12961653,216866,0,72777,206213
113856,37231167,546578,0,0,0
113980,36595046,1990800,0,0,0
114266,12533191,286153,121960,2181016,0
114433,2013556,46365,0,2832182,0
114716,8940805,19605,0,216872,0
114789,35178167,767111,160027,6300,0
114831,,,,,0
114859,26777929,581603,0,0,0
114938,6023026,71281,0,0,0
115001,26183662,238600,0,0,216751
115126,13346579,2235256,0,0,0
115287,,,,,0
115296,16631528,473058,7438291,0,0
115393,10930585,5702787,0,0,0
115755,19453469,341115,43709,17102003,2101059
115861,18144581,185317,0,139451,0
116439,7678779,171290,0,0,0
117052,17719627,234600,238238,105011,96135
117195,2263055,83778,84154,0,0
117247,13200989,490086,5625639,0,0
117274,1657472,369176,84707,0,0
117645,38050656,650324,0,0,0
117681,,,,,0
117690,13121132,165200,0,0,0
117706,27624577,304694,0,1,0
117715,12134955,189268,0,0,0
117724,21783926,519736,0,0,0
117733,24475377,283763,0,0,0
117788,28385522,408433,0,0,0
117803,259313,9901,25779,0,15000
117867,12690937,172775,0,0,0
117894,9874519,135700,0,33512,53694
117900,,,,,0
118347,5874748,441966,20679,0,0
118684,5255167,221824,0,154435,144585
118718,20602378,309700,7998789,0,0
118772,6931734,270095,2903106,0,0
118912,8662648,318891,0,7002889,0
118930,8895009,267509,0,0,0
118976,28656762,551314,0,256033,0
119067,5231005,93351,0,0,0
119137,10271393,101994,63405,0,1030
119164,42519677,1710970,233293,20893374,173520
119216,20700488,427932,320434,8129454,1
119331,6281132,2709269,0,0,31444
120023,,,,,0
120290,6568813,143690,0,80698,0
120342,22811553,3820429,0,1,0
120421,9633116,130800,129539,0,202754
120953,1226114,21103,0,0,0
120971,16865861,6527437,0,0,0
121044,30977999,558781,0,0,1159531
121178,,,,,0
121363,6334125,145223,0,0,0
121619,14737566,402400,0,0,0
121707,7078658,330920,0,0,0
121886,17627531,304342,0,10106309,0
121901,23766628,347360,232176,0,585308
122180,25454614,700975,0,10795,88649
122205,13024318,290533,0,1,0
122320,,,,,0
122339,23056539,556186,0,13631898,0
122375,19057340,852538,0,12623015,0
122384,9413999,245489,0,5954553,0
122409,49271031,635341,7716015,65635783,17204541
122597,50304245,950479,0,48456121,1439051
122658,28798512,556885,92840,0,0
122737,,,,,0
122746,7891996,221333,178112,0,0
122755,47018450,1077152,500,35589901,2078338
122782,,,,,0
122791,8558737,1086331,407647,0,0
122889,18304133,246911,1370193,32314178,0
122977,29111722,605291,10453,346364,2890204
123013,15930884,295906,298250,126195,0
123217,18923720,3210259,0,0,0
123299,13591432,301554,130132,2119,0
123341,24420188,261935,10661741,0,0
123484,3562211,50400,0,0,0
123493,2356958,0,0,0,0
123509,6033717,765839,287383,0,0
123527,19954225,298497,79784,0,0
123563,9255385,383411,0,0,0
123572,11820545,233124,0,14249274,4762935
123800,24551794,1362349,306542,0,0
123925,,,,,0
124113,4157669,87287,0,0,0
124557,,,,,30332000
125019,,,,,0
125028,13881723,174700,103653,0,0
125091,21812267,2465117,0,0,0
125170,5674175,228704,2835049,0,0
125222,5768207,285906,0,0,0
125462,4133161,65443,0,0,0
125471,12297374,202623,0,1,0
126100,,,,,0
126119,12101273,277648,0,258153,0
126182,5119832,321362,1450831,5136394,1995508
126207,8711191,392888,0,1037541,0
126289,9467394,235314,338125,359560,0
126562,14598376,2800799,5554641,17247269,52391901
126580,12463995,360398,2150474,7593616,9465691
126614,19292842,5213727,11623059,60833815,53076751
126711,4258569,89310,576115,125572,0
126748,1145242,40861,2886,418802,122150
126775,3063673,151602,5629460,14531229,16581497
126818,22752106,2248700,0,73121291,40828396
126863,10295749,185581,178528,167781,0
126915,384212,7200,0,0,0
126942,17568664,0,0,471532,0
127158,1490619,75000,234215,58487,0
127185,5684799,262145,966075,8225029,1769668
127200,25736646,466499,360886,1272442,582
127389,1261610,16118,0,515747,0
127556,15097800,196312,0,7406050,90497
127565,32602295,1231269,0,9145571,2202224
127617,2121488,28050,178126,162072,0
127732,2481132,54961,161947,913810,161397
127741,13024992,1644517,34513,16379341,0
127778,2837666,67205,1163936,0,0
127820,25683690,438625,249492,389400,274910
127884,13668878,235184,66139,252851,0
127909,10595739,267439,347807,412002,0
128106,8977030,528493,1449273,10371232,1976136
128151,852746,25000,0,0,0
128258,3616797,144543,0,866082,3335
128300,,,,,1757330
128328,0,71176000,0,0,17340657
128391,2642840,147568,407499,4405278,0
128577,2372394,191452,73774,810710,76956
128771,13409895,466537,0,16245711,2178710
128780,1615986,62412,0,247688,12000
129020,22410055,5346335,9972878,144408949,29002499
129215,5570962,137750,574998,8747154,397179
129367,8458029,477562,90072,2175306,25350
129543,10003445,124175,30283,2656871,0
129695,9697978,89951,35410,2952382,49420
129729,10272008,109198,64038,2540740,15028
129756,3678486,52327,10860,1325968,80464
129808,6726168,94315,273996,2027506,201790
130004,7824935,89121,754990,2317685,632740
130040,1702116,41833,30826,686033,116081
130217,3019127,35364,103851,919197,158166
130396,12939372,150000,29704,3384371,51750
130493,12533782,272847,4055929,9548497,443521
130606,5370760,68851,29079,1714076,2523
130624,0,0,0,0,0
130776,6886250,579132,0,7157175,145324
130882,,,,,0
130891,7988675,136786,0,241755,0
130907,5254753,86855,0,87216,0
130916,8954828,171724,0,159280,0
130934,8912655,609975,885561,10513508,144472
131399,9889629,2926503,1460531,0,978109
132374,1454146,55472,38037,0,0
132675,304903,0,0,0,0
132693,25845679,325270,461524,493954,0
132709,94256614,2967740,1801281,12999717,2011914
132851,19168652,224588,0,2335235,1035064
132903,83044207,4453016,462845,46814497,0
132976,567236,8105,29252,29999,0
133021,3679751,74939,193860,392451,0
133155,400325,59333,0,0,92577
133386,30169908,573507,0,1371254,38401
133508,24665060,565160,1476016,946563,3534450
133650,25692656,1308307,156865,24776409,4637008
133669,42854568,1015497,9224426,34126960,0
133702,43925815,1467261,3694058,122224,227306
133951,83222104,13609698,18565410,58342224,0
133960,1377367,39117,0,0,1700
134097,42630265,1244300,4563066,107046577,34586070
134130,47492000,2982000,63664000,23314000,82041000
134291,1262842,2350,0,0,0
134307,1190337,0,0,0,0
134343,10263351,135213,591598,201069,0
134495,51467491,1080365,5357134,0,461415
134608,27357089,377151,2023128,0,0
135160,4636511,84668,325579,0,0
135179,1093647,0,0,0,31774
135188,5704389,81413,366879,577524,0
135267,1437375,0,0,0,10003
135276,2157494,42722,3150,0,3150
135294,1390977,0,0,0,0
135391,19054043,216931,1083971,0,0
135407,2686884,95024,187003,0,48421
135522,677332,0,171778,0,0
135647,1504271,191249,19472,0,3021
135717,163850534,2401950,18752664,3690911,0
135735,1152517,0,0,164491,0
136145,2481261,28994,160328,542647,0
136172,18849348,600370,3374102,28008936,0
136233,8650909,166227,1174022,0,910073
136303,895145,0,1379,0,3000
136358,43132700,523767,647846,4485819,1175099
136400,18757562,196330,830205,792828,0
136473,17068910,271721,1966387,479431,5094626
136491,1955863,47317,0,0,13824
136516,21262097,244790,195002,835473,0
136659,515246,228375,0,0,0
136765,725209,0,91636,0,0
136826,1412828,57738,0,0,0
137023,1580063,0,0,0,0
137078,51909307,789400,4523240,1081032,1497056
137087,2463126,56920,0,0,41860
137096,23229179,346907,0,1641941,0
137120,730491,113333,261569,121074,114926
137209,33375960,304715,1255466,6,319650
137245,2786221,192285,38037,182267,0
137281,11274074,96500,0,0,623798
137315,5267568,66047,250095,48823,141691
137351,55008970,6179913,13285794,56606470,22040731
137713,727853,0,0,0,0
137759,25934578,1033643,1031171,1871696,6741223
137856,195544,0,0,0,0
137865,1199914,6146,0,40837,0
138187,79978953,996880,5663588,249311,0
138284,1100653,0,18030,0,6618
138354,16989103,367259,1410987,14870947,3010809
138372,1165152,53210,0,0,0
138479,940342,32611,32241,0,0
138488,786413,0,0,0,0
138497,1003552,0,0,0,0
138558,6661690,2147714,154920,0,1324799
138682,12402724,192367,0,0,315690
138691,15036768,249648,661253,0,374933
138716,12384211,461548,20000,75768,450440
138789,11817435,4032583,711778,0,296562
138840,12549108,227977,0,0,441251
138901,10610066,120700,414678,212362,30773
138956,9027354,154000,0,0,332711
139010,9040301,199170,21381,412481,1096399
139250,6713430,95604,467670,985426,1607987
139278,10853106,204514,0,0,813499
139311,17669302,180563,0,972477,1009
139357,7421041,0,0,0,135396
139366,14734255,405763,1331606,10910343,5806138
139384,11548126,240200,0,0,347451
139463,11490726,107173,0,0,1577718
139621,8657250,68511,45734,80549,291644
139700,11426839,98000,0,0,176477
139719,10299620,568786,198157,0,0
139746,98833,16415,0,0,0
139755,11576604,600658,0,18895626,31842763
139764,5372470,0,588937,1366628,473274
139861,5363501,94665,1062984,576895,3620047
139931,31207124,1091686,1193229,10577284,4243746
139940,57016929,847003,13487556,11822149,4146132
139959,27630698,2872824,12835823,104502695,44939356
139968,10116912,125532,156540,0,461318
139986,15089827,173526,0,0,1642008
140012,15129042,172000,0,0,960607
140164,38807083,509719,2103336,11970268,1282229
140243,4775910,81651,0,0,978027
140331,14252650,382956,0,253525,511867
140599,4393580,75600,0,0,566766
140678,6767840,65200,0,0,849245
140942,13377025,215389,0,61034,1052066
140960,16825580,1326801,63000,3915412,1095812
141006,4222639,104315,0,288805,251200
141097,10108704,143144,13339,2519415,761579
141158,2497440,59800,0,0,2762
141255,7874388,212962,0,0,879236
141264,20336158,210206,941748,0,2356621
141334,22331686,236389,904866,4828751,30810
141565,7363720,1504745,342269,8062594,205444
141574,18584050,12913341,2228367,66256333,3133784
141680,4338550,198981,0,858867,0
141796,6556518,562130,1500,1905793,19815
141802,2148539,170369,750,405420,0
141811,7836910,378051,30645,1751835,0
141839,6915564,1600019,71680,1214741,0
141963,,,,,0
141981,3376678,61876,4125,1018640,0
141990,3780258,149164,70794,725982,0
142115,27242851,2206220,6967484,9506434,26673995
142179,1516586,25967,247472,9815,247472
142276,20799728,1306154,4095732,12316124,5994344
142285,15545444,518009,6465168,19877932,18989071
142328,7205183,115937,941932,1133801,1457145
142443,10966295,180344,1657027,1382525,1306533
142559,10935532,656784,0,38302,0
143215,17057600,285431,0,2474758,0
143279,7899664,365122,0,4070387,842807
143613,4429522,37025,0,0,0
144005,12762578,945799,0,7434547,0
144157,16140031,596889,22974,1338213,3500
144166,14763194,329850,24193,594446,0
144175,9810751,199664,37199,274554,0
144184,11279889,217955,30016,586598,9545
144193,10794507,179613,22932,1010086,0
144209,23027750,421873,50534,646090,0
144218,16431787,272073,17443,587717,0
144500,,,,,47584
144564,4123746,128225,0,2058007,45000
144865,25508106,1949473,0,10468833,1086146
144892,13895365,557446,111159,14909857,2017081
144944,4339040,579518,0,623123,92929
145336,6552879,1279234,104020,2112808,0
145521,3426730,38101,0,0,0
145600,38494983,1200105,4552905,2302526,31321834
145637,30617753,6918292,33355587,4500284,137385746
145682,11097539,476474,1067322,0,0
145707,2199136,91877,0,2082393,0
145813,19844877,1788871,3480,98196980,152182
145831,4920311,150305,343649,554182,1067596
146205,7618442,177939,0,4447899,139498
146278,3816910,80542,0,0,0
146296,13602182,154914,1651592,0,23000
146348,6653363,126394,0,1408217,0
146366,6060655,1111953,0,5233635,0
146418,7740937,1289358,0,4838269,0
146472,11742422,1015072,0,0,0
146506,7124973,67119,0,1132136,0
146603,7400660,132850,3623262,251239,0
146685,8899515,222392,0,0,0
147004,6784645,557210,0,19512,32165
147378,18181669,699508,119251,7993407,0
147411,8037308,226321,0,1491291,23650
147703,30276030,1071508,0,797601,0
147776,17043383,668832,0,12761241,0
147800,7591333,445664,555003,309631,0
147916,11645663,177920,0,0,13072895
148007,9509589,2284216,0,2594356,0
148256,4069809,195946,0,0,0
148292,4766753,201539,792388,725423,1000170
148380,11048909,373801,196477,15722,74739
148654,4461193,6883,518938,0,2319557
148672,3311601,145796,0,1132695,0
148821,3331803,85810,0,732524,0
148937,2709946,77411,120314,2027786,128040
148991,2546433,55704,0,291055,17048
149222,24880819,790153,2759121,24631940,12351427
149231,16776961,1201561,2345603,11087409,360734
149240,,,,,750
149365,13336623,190750,0,2157674,0
149532,13336342,149899,2593841,0,0
149587,,,,,3847362
149727,9061357,313736,0,772176,0
149772,19625018,635777,0,5457918,642295
149842,12755628,1022036,0,0,275544
150136,22805758,738344,530029,39422021,7299442
150987,192452412,3141554,979785,5387485,0
151102,16999046,18358,4002798,4417046,870091
151111,37996681,941808,16620043,33046044,43473223
151306,11431074,155005,3950,8388413,2495498
151324,19790600,513578,12504,19184576,357520
151333,5742435,49513,149780,516824,874032
151342,11426762,145557,636485,1948867,1161247
151351,26339781,1822905,44859587,162409771,60964575
151360,9556430,179738,619801,1482382,443221
151379,9496349,119486,857603,930474,1059634
151388,6487696,58732,275494,1131221,328787
151537,290000,0,0,0,0
152248,10875810,217419,3203587,203169,1215031
152266,6272221,3900,710637,407138,762029
152637,16927796,214869,1314242,2402523,496303
153214,26080000,1033111,700999,355862,0
153296,1844797,142375,588910,207942,588910
153311,11163893,182552,977133,366929,0
153445,8053111,105916,618011,165379,0
153472,7823914,143023,0,420691,1151013
153524,11235284,136900,0,412282,0
153533,3505419,59019,0,1514003,0
153603,24312843,1582255,16979169,91181462,46761747
153630,11700908,0,0,0,0
153658,15964000,11555000,96499000,9149000,83459000
153737,20206739,407176,652918,2373507,3078632
153922,2885452,222689,921116,325242,921116
154059,3757017,100981,0,499873,761897
154095,10270339,2273537,2591300,12771533,3827149
154110,6296330,264850,0,0,5000
154129,1377393,17280,332342,0,0
154378,5316201,58010,474595,413844,0
154396,2300057,22675,27190,161642,0
154572,9438527,86159,0,0,72751
154642,3917879,60928,0,211747,162944
154697,3157919,86900,0,1717832,45167
154800,12168567,97245,0,2999481,850000
154907,2821542,48000,137144,835060,0
154925,2677781,77357,0,436761,0
154934,1512925,1147959,118361,159605,0
154952,7525375,244753,0,172933,369470
154998,2902841,31200,0,1179085,0
155025,6546056,265523,0,4293863,0
155052,1594117,62156,0,79100,0
155061,13551054,407983,3715069,2149670,14313
155098,3544410,30499,0,0,0
155104,3345659,43423,0,551172,0
155140,2429697,11661,338598,1020569,0
155186,3726521,315521,61946,4744121,0
155195,6973882,128000,0,123609,766720
155201,1676820,666539,0,0,0
155210,14769874,257276,0,0,0
155292,12701881,314273,283589,1053687,0
155317,17590245,7405269,1605078,12496929,50725239
155399,19943388,4187880,6193132,35838272,0
155423,1757287,0,34128,0,179286
155450,2060290,82121,0,0,207269
155487,1583479,22196,0,0,0
155566,3050966,0,328964,63849,0
155593,1571710,40335,0,0,103939
155618,1230627,12000,0,0,0
155681,10430352,755999,0,2506843,2049333
155715,2586714,10526,0,274927,171600
155830,621534,1687,0,0,0
155858,1687921,45716,0,804710,15190
156082,8878401,605750,4704561,3341091,8544805
156107,5475156,58333,57854,235449,254695
156125,17573026,1008158,51081,15996651,14543597
156231,1883783,203530,144357,7059038,171000
156338,2426188,302185,100413,7927322,6500
156392,7140069,673795,207409,17981800,74548
156620,25799897,1414188,505409,26227113,0
156648,3804445,373031,157347,11504804,166231
156790,2076485,293645,348123,7030236,264185
156851,549451,99606,200640,2911861,416211
156860,3395021,299836,129933,5770144,88751
156921,8487971,744705,273908,18407843,558373
157058,5928036,662588,285334,6163014,12676
157085,22424181,1273119,12097984,82266780,42124568
157289,19269000,1522000,0,65426000,34063000
157304,1196193,176114,542159,6218648,597625
157331,2263104,235501,341664,7906259,113342
157386,16046112,271190,0,21059991,0
157401,13010418,937473,778517,37602208,1295049
157438,1857356,255846,279293,7563316,158483
157447,17507000,2738000,142000,18338000,2000
157483,3024003,382174,115393,10984823,0
157553,2849691,275107,485219,9508101,195897
157711,4292164,453485,556244,16726930,670354
157739,1950106,248207,370496,8250591,46881
157854,,,,,50790
157951,27129908,16531984,0,32588298,0
158088,3595192,18114,10753,0,10457
158352,3266393,756714,0,2,0
158431,22102243,165707,591760,290058,0
158662,43172319,1681329,3585,0,0
158884,5117418,112299,0,0,565
159009,15880921,0,0,3696198,760686
159373,904543,1408720,163779,2653327,3243449
159382,3876895,57324,59000,460914,611452
159391,21865691,3428366,5861487,64933542,28035520
159407,4427429,52326,62605,406483,167854
159416,5225733,69823,193418,1223931,188656
159638,,,,,3425
159647,8351393,194474,4214430,18895921,4893005
159717,12307606,0,0,8098028,1006854
159939,10048702,449539,1679530,9503787,2828566
159966,9781319,132389,743061,4694444,505356
159993,11149016,157923,0,5934025,674372
160010,2540328,0,0,0,0
160038,14237285,231928,963444,13080036,0
160481,4184140,159882,0,1469,135571
160533,730403,0,0,0,9713
160579,6023613,72188,227421,1070379,260974
160612,19915032,777635,490513,16293495,870493
160621,17025810,0,72600,6536165,171890
160630,7254790,320452,0,1190596,161886
160649,10695755,314001,0,409824,0
160658,21342373,300850,491518,14365801,6697682
160667,4688204,0,0,0,0
160913,1184479,0,0,0,15751
161077,6671142,116293,0,761939,18908
161138,5176777,116768,0,36145,52854
161192,3870184,36170,0,370289,14857
161217,11175000,203000,603000,1999000,124000
161226,4045000,196000,562000,3338000,223000
161235,1734000,118000,113000,1291000,72000
161244,1577000,292000,115000,1536000,21000
161253,12823000,1657000,5348000,32519000,11052000
161280,,,,,568000
161299,1209118,116527,828113,868297,1061196
161341,2109000,403000,116000,1123000,202000
161484,2340238,161733,0,214293,193743
161545,11989132,267068,14602,114176,134581
161554,10555000,1403000,1800000,8335000,1737000
161581,1082224,40009,0,67148,33238
161688,6541703,146243,0,3162993,2475520
161767,14215818,227634,554657,42475,1714779
161864,12428717,1560298,0,678559,0
161873,6122699,117005,9623879,497289,0
162007,9541837,213773,135000,5916708,0
162104,3259934,50728,0,316959,120567
162122,8137480,297975,0,217005,0
162168,3238922,1138455,0,17660,0
162283,7984335,629211,1979445,2160149,378179
162557,5183608,196267,393604,551265,0
162584,7509432,174749,523607,6594979,773495
162609,1831330,31477,0,190388,54664
162690,6899774,248231,422849,268139,0
162706,4479003,100251,0,976657,750591
162779,9564225,350318,111984,1989056,897315
163204,30781251,735012,1598764,15711305,1808583
163259,668515,652575,6675409,10683325,13235208
163268,13421285,1351353,0,22264094,2675
163286,23292383,7411069,9851467,75592998,25310067
163338,8718903,158919,0,6067472,0
163426,32112955,559254,400788,3590689,0
163453,16315855,887133,0,16045908,24055
163657,20911326,573956,449992,0,3522034
163851,7482176,127042,0,7330941,0
163912,1475906,24540,688247,6214855,0
164076,20281101,789585,5392992,31235441,473872
164146,,,,,0
164155,0,0,0,0,8859846
164313,5641127,2843852,0,0,390545
164535,123507,0,0,0,0
164775,4104728,63876,0,848456,0
165024,13043623,199846,0,3377907,899221
165033,15923730,183277,0,0,541685
165112,26979048,840721,545721,1865698,1116436
165194,5030634,113150,563808,452727,808209
165608,208853,0,0,0,0
165820,5826381,237431,252491,4552983,300
165866,5604097,120010,2007884,0,809513
165981,3361355,75343,190222,468143,71253
166133,13317428,167120,0,261494,156834
166513,15394000,504000,3865000,24783000,3484000
166629,24005925,1345614,4242573,84479632,16139000
166638,20643000,1469000,827000,19820000,4509000
166647,5941272,160229,17773,0,641286
166665,,,,,0
166674,2332591,234768,4875322,0,0
166692,1071492,59699,0,2625550,1287588
166708,0,0,0,2282869,4855012
166823,11713930,211084,0,1037382,0
166887,11848340,1624999,0,900000,105450
166957,8220212,96537,0,825600,0
167288,2951622,75226,2525,2277711,0
167312,13462971,321035,5300,323319,234927
167376,13240850,796704,131258,0,131258
167525,7794666,280788,0,0,37150
167534,15970749,452771,126305,2049838,2336232
167631,6885269,355401,0,0,0
167729,10800215,751032,1143868,2092452,4241665
167871,298431,0,0,0,0
167905,15310820,181600,17206,1642087,0
167987,11778086,208712,2903425,21783629,0
168263,7132084,295448,0,2092247,0
168430,6292913,337734,0,2334263,0
168607,3597683,61375,146934,189674,317412
168883,4989832,93247,0,937415,545149
169248,28298229,918887,5735786,33004915,4775529
169275,22840850,476561,401756,558233,1765763
169521,18480576,381188,413887,251075,714415
169798,34130613,808046,4897782,41658971,4335387
169910,23821289,2267806,0,23020819,8083456
169974,2028767,108477,75506,190444,0
169992,2217837,61895,108092,0,132013
170055,25809531,890052,0,0,6242000
170082,29538554,1926412,8000,38038532,5760021
170240,32716296,1415484,0,415636,0
170444,11893623,170140,1396294,0,645360
170541,16664636,278276,889956,339361,218607
170550,11806851,166925,1760719,44489,0
170587,4185565,57332,0,1000110,1886
170620,7112711,0,0,0,385598
170639,3923650,116196,562284,5672485,660262
170657,26380689,2076162,0,0,0
170790,29242605,598884,212482,322146,873170
170976,19154000,32586000,105361000,234909000,163897000
171100,37261589,25174519,14771260,90384249,55176826
171128,5715100,1025455,3621062,29880512,6510256
171137,12552000,318000,835000,12330000,1640000
171146,12280000,1147000,1474000,7738000,858000
171155,8281090,238031,79368,248902,332832
171225,4916367,94886,111366,463262,634398
171234,3811547,93876,115284,34972,12545
171304,7482771,216604,21211,748409,46934
171395,3859452,56170,514661,601247,1612986
171456,13541626,1506463,541465,17837246,1998218
171483,6741266,177440,1232151,0,2496762
171535,38540245,1894681,605281,984605,0
171571,21488293,835336,557511,37855071,9649542
172051,14650634,464805,1292302,14125464,2838659
172200,17655030,612849,526663,0,0
172291,6299362,90389,1401,72940,0
172307,5785915,79113,0,511795,0
172422,449316,27185,9062,0,0
172617,17159622,204170,0,742615,499121
172635,46408605,1607800,19985,2127898,0
172644,36176846,1997440,6824848,61270367,17482322
172671,2559383,27048,248328,129469,271765
172699,29329359,820220,8950654,54418692,43335400
172918,3093000,144000,2000,37000,134000
172954,3863000,38000,0,1000,2000
172963,9993000,203000,0,9000,45000
173063,4979000,115000,0,8000,97000
173115,1954000,47000,199000,12000,740000
173124,6461000,897000,2914000,200000,2470000
173203,6127000,119000,0,1000,119000
173416,4240000,115000,307000,16000,289000
173461,7983000,88000,5000,7000,42000
173559,10466000,485000,548000,0,666000
173638,4783000,110000,0,0,18000
173708,10329000,254000,0,2000,335000
173735,3073000,64000,0,61000,28000
173799,7326000,155000,109000,17000,359000
173805,2592000,156000,303000,157000,1056000
173911,6307000,93000,0,0,97000
173920,16066000,750000,186000,5700000,2281000
173993,2612000,96000,0,3000,25000
174020,13106000,262000,672000,59000,745000
174066,29941143,20101967,53659852,108946980,189886366
174075,2519391,161288,1593527,2095089,777942
174136,20297000,431000,0,67000,326000
174233,9727155,697962,4215968,11832918,5283341
174251,2350917,693844,854323,4672485,1152992
174358,7733000,355000,1571000,1778000,2250000
174376,12115000,232000,0,30000,58000
174428,12356000,310000,0,15000,70000
174473,5240000,85000,154000,0,296000
174570,1916000,17000,0,247000,39000
174604,504000,44000,2000,21000,17000
174738,9187000,182000,0,156000,305000
174756,8320000,103000,0,4000,77000
174783,18426000,546000,4077000,1883000,3426000
175041,16322000,214000,0,81000,314000
175078,3963000,346000,894000,1327000,1370000
175157,1037000,72000,0,24000,134000
175236,6346000,262000,0,6000,18000
175263,4079000,234000,0,46000,7000
175272,8399000,363000,2819000,1271000,2739000
175315,17478000,293000,0,5000,398000
175342,11816735,995242,243140,8976884,0
175519,9210366,773923,3059950,0,0
175573,8461431,130999,1036841,1273257,0
175616,5119029,506156,1094657,3012229,0
175643,6968580,674660,0,1099988,1750
175652,14084648,110041,70727,2845957,0
175786,33917463,918719,0,3223536,0
175810,14882352,174101,0,2739270,0
175829,14689144,2464508,894086,4216767,1121781
175856,21875226,943731,9910,18734555,0
175883,10100079,146435,0,7486220,192300
175935,7361249,400109,403690,1147151,1032695
175999,,,,,0
176008,10162577,240546,62732,1195580,0
176017,22383320,2067053,23539000,62760222,46601682
176035,5084935,77449,1677732,4812782,0
176044,7721959,604155,633084,3777142,366862
176071,25093794,232169,2436921,1410493,0
176080,24139700,2056136,7416839,52670262,29242902
176169,9239611,185399,666853,2095953,0
176178,20535885,781410,0,2135097,0
176239,11701682,133882,0,2476483,364693
176354,5618757,154077,219967,1128318,11000
176372,27355428,594782,0,32910661,6292341
176798,566966,0,149727,0,0
176965,15819430,1866932,341058,10369438,2755642
176983,234008,23436,0,0,0
177056,275205,46383,0,0,0
177135,10386068,164850,179125,1329542,1861304
177250,7291173,199544,0,104403,61731
177436,121756,281558,0,0,0
177472,32897723,859663,0,560090,97006
177551,4436193,49375,1748513,0,191968
177676,9315597,115856,112606,1246139,0
177870,25790,0,0,0,0
177940,6560079,92700,0,2461250,40
177977,2258718,232773,84926,270092,0
178129,27798648,1078225,0,1719349,0
178217,8082743,386826,1507421,0,335242
178341,11971457,143588,1077075,5845571,2052838
178387,9999505,526187,0,5865509,1118193
178396,23195986,5867121,13428760,94719185,41982745
178402,14067924,1226489,4167217,30099090,10220403
178411,6425529,1097301,2479137,25817692,4956382
178420,16087006,865349,2541156,20432080,9170773
178439,,,,,449758
178448,10465329,112292,0,131304,1175380
178466,364080,21100,1535,0,0
178615,4762787,498615,0,20791286,838108
178624,8044469,256392,3362062,14097644,0
178828,247482,21438,0,0,0
179052,446077,129688,0,0,0
179238,186191,0,0,0,0
179308,38637906,1570597,767205,55672,802451
179344,4839091,111166,0,1105719,25580
179539,11983372,83886,304659,632382,1294672
179557,15116873,160632,1582688,13445734,3097161
179566,25239579,4352708,7555080,17169990,9081449
179645,11824795,94330,42042,477641,57500
179715,3167524,96941,59811,422676,1427155
180151,437344,75668,105559,602054,0
180160,435328,14825,0,0,0
180179,6836095,384334,1148342,2823910,2175171
180197,3644233,168228,0,531313,420000
180203,545690,383264,145869,0,18800
180212,528671,532623,0,177841,0
180249,4331612,224988,89004,222134,117071
180276,2952599,46042,35600,235976,58618
180328,1046125,34881,333332,168198,0
180373,623352,28262,310109,390038,0
180416,4451489,93331,2403603,2237653,3593890
180461,15343193,1292065,12130706,15486120,12184768
180489,19469315,596984,8223579,13985706,11490512
180522,2462782,41196,678669,1118593,863756
180692,2489493,68465,404193,817280,263009
180902,6990239,289653,0,673903,43933
180948,3494973,513147,0,0,304381
181215,7374953,243316,2016551,10122148,3189795
181303,20662725,611365,0,2546650,0
181312,3109132,29162,90245,104378,0
181394,17104104,269859,5938651,17795532,8144289
181419,424972,5000,138291,0,420091
181428,800162,107136,2889029,14412507,38705699
181464,17283751,1697818,21379966,62966710,54289438
181491,5786158,55385,0,1200607,501417
181534,3050562,44712,278604,2024554,1032363
181640,13851351,557213,0,1142963,0
181747,,,,,1144418
181765,393205,5163,395513,415997,373177
181783,4387600,125519,0,2091038,0
181817,2808821,119469,853899,0,0
182005,43306000,971000,280000,4077000,701000
182281,33486000,1576000,4415000,16113000,18631000
182290,18732002,2200779,5926903,12441823,16864531
182306,2558000,0,0,1445000,587000
182500,11839000,401000,0,1630000,490000
182519,,,,,0
182564,6713000,870000,0,0,227000
182829,0,0,70973,4485978,934174
183044,12873959,3622719,5894649,76692820,8946702
183062,4666737,386853,959818,10391000,1027824
183071,0,140100,1500,666251,148753
183080,4664956,420511,753568,10820672,638145
183099,5584861,274540,34035,474223,0
183105,1656709,113440,6261,138889,0
183114,1603366,74398,0,96863,0
183123,2117357,73744,2108,148852,0
183132,3527762,349471,468,183902,0
183141,2457971,165212,0,107025,0
183150,2530891,14489,53025,104396,0
183257,3731011,143020,558842,440924,14609
183327,,,,,786
183655,15232230,162369,509928,969909,362823
183743,21593887,695171,0,0,0
183859,16767234,237518,377542,0,1344270
183877,12160488,94782,0,0,0
183938,23341896,522564,0,0,0
183983,257696,0,0,0,0
184180,7845653,125497,214831,34589,149007
184205,9374982,197833,345965,0,534466
184481,32628876,733944,0,431061,71804
184782,13924387,1011037,0,15387321,8526564
184791,10080554,108742,0,0,0
184995,26204978,606977,199333,805550,0
185129,16183166,1216938,0,3378749,0
185262,22763591,864405,1180896,7932307,1571590
185509,10537356,164888,429849,0,0
185536,18995202,200000,552077,0,759664
185590,26075712,694686,1955792,8693393,2946578
185828,12120000,282000,2831000,18180000,4777000
185873,12086990,140737,5500,372585,2733114
186034,20840913,5416744,0,2292780,0
186201,6079615,497686,549162,8190014,0
186371,6747000,417000,393000,1604000,1392000
186380,50568000,3599000,2900000,14567000,34343000
186399,14417000,891000,839000,3173000,4890000
186469,2246197,36227,0,0,0
186645,6729537,79520,245634,0,0
186876,11344510,3468938,17579,9576277,17579
187046,5535292,0,0,0,620450
187134,5074000,231000,0,16296000,1768000
187198,22992965,152664,303939,0,0
187444,17669270,466874,0,12844502,982677
187532,32814882,650635,307679,2442724,644178
187596,6988711,0,0,15573,0
187620,17497525,119400,169243,406587,180343
187639,3641035,41806,1252084,0,0
187648,7030865,592750,1647553,912722,106419
187666,4378274,111958,576539,207588,0
187745,743588,8448,1030586,295000,1560498
187897,5563180,552559,776802,965660,0
187903,2790068,696129,0,0,0
187912,687188,160443,0,308039,0
187958,6656106,1000,0,92952,90350
187967,2064805,744406,0,1811401,741233
187976,426696,0,0,28039,32854
187985,39793405,4390712,1928180,24016495,27390190
187994,3412673,48764,9312,147789,63021
188003,1419161,11494,34117,63899,51810
188021,1622479,16725,6531,53111,10556
188030,24360109,1791936,3171219,8692069,6590652
188049,4455258,0,0,11500,262590
188058,3124696,124129,216817,0,216817
188100,12222360,116896,2799285,369010,0
188137,8407795,91642,341764,364415,0
188216,1333787,90081,138584,0,147671
188225,2684154,0,0,10630,147667
188261,547666,28810,59456,69225,0
188304,6294976,97933,88489,758330,0
188438,7552316,68596,173769,49312,189507
189547,11972915,107313,869873,0,241923
189839,7733871,115497,330590,0,0
190035,,,,,1615267
190053,3075163,40009,0,213712,29938
190169,3627248,30500,0,0,104712
190442,7648992,293055,0,0,183425
190512,29773287,467727,3566643,10294632,8643
190521,74757586,1042867,1873406,1241416,2256
190530,34365168,414293,550644,1657307,19007
190549,31228101,405312,509445,10457510,2167262
190558,28205304,322256,518933,6272717,5290
190567,30703841,528873,1528610,19297566,1846052
190576,1281954,10080,646590,19292888,4276746
190585,22430854,222674,3375,1646408,156
190594,32221913,392551,1202677,15337581,1293297
190600,34762219,405724,781071,5699342,55073
190619,40990437,279718,356916,8544734,53583
190628,40739212,342308,521873,6697857,5167
190637,24219465,242657,42731,10474300,8979
190646,18546652,201356,368260,3922875,249244
190655,41777068,394635,721591,6917008,47789
190664,27701331,321089,511046,9937722,1098129
190673,36471147,227007,235,4620809,89
190682,0,0,0,704140,598
190691,19572819,277676,510678,4978052,1357
190840,10078400,113094,0,372568,0
191083,25819378,385583,0,0,0
191126,10258831,450267,1355718,811622,0
191199,10658628,191592,0,205942,0
191302,5896101,100074,162341,0,0
191339,10252190,118825,270008,496729,0
191612,6690746,76640,0,0,0
191719,13913276,236943,0,0,0
191986,8524583,82500,165925,0,181750
192022,7703353,110454,262429,0,0
193122,320878,0,0,0,0
193283,14934521,167302,7283,0,0
193326,34302250,256895,1429182,0,0
193478,33080031,730663,0,0,164001
193946,10918932,135202,0,0,0
194028,2498490,139398,0,5749,0
194222,19001619,265338,0,89256,0
194240,7708050,97336,182667,0,0
194259,133729,72679,13400,0,0
195058,8625190,446398,28200,0,0
195322,9346050,0,0,4650753,0
195827,,,,,0
195988,3571011,46567,108847,0,0
196006,7735821,640741,1289938,3477210,1289938
196015,8929679,1024515,0,2219405,0
196024,6799850,255253,172130,1575259,172130
196033,5538024,430285,163417,1632082,163417
196042,9111525,722029,227990,1598493,227990
196051,7842331,168661,566676,2327079,566676
196060,22709819,1848272,2308174,19510357,2308174
196079,16697618,567559,2811568,16839012,2811568
196088,27399520,671341,6677235,32784714,6677235
196097,25849894,1736990,3419933,54395466,3419933
196103,1811543,224269,1170040,3957390,1170040
196112,3197839,338945,542720,928066,542720
196121,11992569,1217771,531108,5225416,541108
196130,19757716,1773116,1386272,5980857,1519016
196149,7894904,1583677,705588,4955828,705588
196158,7574233,876571,695489,3195156,695489
196167,5557494,199059,521380,3023979,521380
196176,8625436,246165,0,3803145,0
196185,7054193,603779,1938123,4711207,1938123
196194,12490661,977739,0,9227046,0
196200,7413284,274641,2557981,2401946,2557981
196219,6233557,367546,1873069,2166614,1873069
196228,0,54976,95000,451730,95000
196237,9589411,288184,55900,1904748,55900
196246,8927627,1318997,1335550,4960815,1335550
196255,274157,104796,862574,1757095,862574
196264,19905222,2795257,627199,5953404,627199
196291,1723367,23134,361995,2390822,2490683
196307,306872,611425,804124,2214498,804124
196565,7828619,233142,0,0,0
196699,4292517,62764,0,0,217293
197027,289946,0,0,0,2389753
197036,0,0,0,0,19242413
197294,22116828,221380,0,1051360,0
197814,4208656,44750,161554,2225,270743
197850,3934407,58167,126058,0,95279
197869,17894043,219750,2216857,17767081,9985722
197887,12857432,73625,498888,180850,822735
197966,4836188,78078,0,0,121182
198011,4715467,0,0,0,260
198039,4072225,140633,294307,55107,442520
198084,2745057,18200,153855,1,1714273
198118,7203068,91503,667790,66405,541143
198154,17496623,186093,537444,0,711835
198206,3451258,122656,77413,0,204661
198233,8017131,136200,0,154919,80260
198251,9156737,71350,252,61233,0
198260,38119744,666972,3441655,106310,1854559
198321,6974006,137468,0,0,0
198330,9045750,170431,0,396608,64029
198367,6787397,152904,241327,124865,846761
198376,9872740,207180,0,195552,370826
198455,9774825,381074,722413,0,0
198464,31186502,533966,23283137,6855794,12393677
198491,8433103,160122,128498,0,124529
198507,7800153,428236,1666925,774017,1016940
198534,28005528,292000,1109207,174360,435661
198543,15127919,959867,550654,842614,1011336
198552,19415948,360994,339668,0,678329
198570,12173778,140748,129240,111983,335050
198622,35007758,650176,15850,363978,94255
198640,3540034,41700,214648,674191,117286
198668,5035564,129773,222939,0,304859
198710,4896955,37848,360395,0,792597
198729,3540112,32758,0,24996,0
198774,8372916,124079,205855,309423,763
198817,7364461,128610,60172,0,59721
198905,1683243,20655,0,60804,13776
198914,2113668,55265,117331,0,301201
198923,2328668,46729,192979,2,228793
198987,6106536,42857,81351,83735,158095
199023,1523093,15644,111599,19125,136369
199087,7290589,29260,210572,54113,304003
199102,24991008,3858739,1291647,14197376,2257015
199111,5435315,59170,75567,2839820,2415936
199120,16651385,37392980,60620574,12331273,97416148
199139,37201541,6339616,3804935,11657812,11248101
199148,28494025,478311,7714516,3176551,3614368
199157,19015837,1491240,78137,4846088,82717
199175,,,,,10844600
199184,1052849,44764,0,1623839,1719935
199193,22409693,11088079,28759898,63114278,66330666
199218,15019986,331630,2314840,14997619,3339055
199263,803077,99695,21342,0,42420
199281,12970241,230506,304362,1733422,925504
199324,3346498,98228,68600,0,1675837
199333,23095467,203955,705630,492690,260957
199421,6319091,41750,308885,0,420957
199449,6943075,55034,147367,0,167550
199467,2290331,27005,9284,26134,33045
199476,6283838,147231,0,211131,126227
199485,3507177,90994,184634,13249,918203
199494,16594505,88100,0,897184,125495
199625,3077328,47812,115128,0,102380
199634,7454027,31850,735372,0,1402305
199722,3276185,144109,380815,0,453032
199731,4478955,46850,79524,0,78274
199740,5316314,44600,85231,46856,205537
199768,5594856,45554,98350,0,119390
199786,8954788,290153,0,0,75308
199795,3259344,29373,20350,3596,29044
199838,6739853,116856,172683,90139,91411
199856,34037597,322755,227190,133615,1013047
199892,8053304,301799,258924,1,287713
199908,6094618,89267,103130,700,78555
199926,6294597,49750,491448,201197,1567057
199953,4470425,38413,71352,24210,4550
199999,13004088,2283404,1132103,1065721,700399
200004,14059256,490153,1346167,3728709,3347201
200022,3272397,149675,983467,57367,1384374
200059,1502482,108920,950375,465178,1244510
200086,149184,21943,132346,0,211734
200192,1196428,29644,63300,474475,536990
200208,770615,20627,174533,4851,0
200226,1187893,101645,619406,62382,1104033
200253,2878304,569736,948258,1691211,1614330
200280,9388934,953653,6616222,1587189,9079004
200305,2932663,145315,0,158763,635253
200314,1098819,32243,0,284171,285631
200332,9979273,761477,39081,14931583,7489167
200341,725242,28750,963413,242668,4892139
200466,807838,359435,220499,33426,0
200572,1169642,95608,102458,570521,136515
200800,34474524,1492469,3814823,27088851,19592095
200828,92369,0,5250,2250,0
201034,676968,0,0,0,0
201098,253780,5000,0,0,3465
201131,438700,0,0,0,0
201159,344237,0,0,0,0
201283,3639898,89354,31805,605918,39414
201441,24497593,981391,732115,52901936,0
201478,359127,0,0,0,0
201496,619698,0,0,0,0
201539,445865,0,0,0,4451
201672,8948849,126558,51855,504157,757725
201690,7421072,918189,0,4231380,128000
201803,377866,0,8400,0,0
201885,24680533,4657307,12468709,74444302,50122996
201928,15872503,677100,630161,170362,0
201946,6249403,83003,136866,653196,156173
201955,8416471,164361,43991,427575,208463
201973,11379713,385814,0,838416,0
202134,20714986,590250,3102561,10828036,13841028
202152,558746,0,0,0,0
202222,39771026,1138982,0,0,0
202356,52394581,800206,986857,805035,0
202648,4576553,144778,2205,178196,227178
202657,659133,0,0,0,0
202949,791982,0,0,0,0
202985,257741,0,0,0,0
203030,631682,0,0,0,0
203155,9715763,405782,300755,1869935,0
203331,4997324,58982,0,1074383,0
203447,1434839,0,0,340706,497557
203456,801468,0,0,177728,5208
203465,3406040,0,0,961646,1500
203474,2057919,0,0,339008,14170
203483,1464828,0,0,721584,1895498
203492,1116774,0,0,237116,499
203517,47195073,4199620,46272,47442507,9129568
203526,1483058,0,0,314686,0
203599,12579627,200067,589996,0,589996
203614,1467492,0,0,0,0
203678,6116455,85150,0,187001,-9704
203748,19029636,763199,658852,1469743,198762
203881,4103563,0,104718,0,0
203942,126757,0,0,0,0
204006,6826042,208993,308804,191076,329443
204015,3950753,134201,112792,221532,283123
204024,8962294,2167220,9280626,62824262,20711051
204158,938697,45987,0,0,0
204255,5677195,0,1407236,0,0
204422,5344054,106818,101686,115057,0
204440,4658200,61972,0,980206,165000
204459,889868,0,0,0,0
204477,0,17842,0,701676,1317690
204662,814114,0,214289,15102,30502
204671,1680667,0,182050,418431,273951
204680,2366168,0,117582,475872,338419
204699,2283621,0,697130,456660,660181
204705,4181882,0,312031,332844,158893
204796,42234782,1649755,48003671,183290366,136767919
204802,1139984,5100,0,473127,0
204820,5475477,43508,0,409673,0
204839,4520422,50284,0,770977,0
204848,4257279,43612,0,1182150,0
204857,21741338,1949592,1850569,40873651,4560194
204866,2923889,18674,0,1087231,0
204945,23571329,315305,314400,1332789,380975
204981,284941,0,1200,0,0
205443,10098115,938717,959636,3482779,0
205470,32849679,647888,1001565,1849106,0
205841,31690791,235798,125085,2200852,197392
205966,5889151,210238,0,319956,0
206011,4480396,95526,0,313292,380667
206084,24122953,827546,6038881,64213243,3233017
206172,278360,0,0,0,0
206181,245814,0,0,0,0
206321,327438,0,2500,0,1510
206446,2574396,0,0,0,14304
206604,20979386,1400855,2646438,29245763,7351158
206613,1281355,0,220171,13771,0
206695,24310477,379320,6129090,4562295,9560647
206905,363548,11268,0,0,0
206914,11356963,199485,3343498,4412003,0
206923,5922987,514992,0,1831394,0
206941,21607086,883946,0,7563508,24605
206996,5179121,311947,648102,0,0
207041,7596960,607594,25000,0,1772000
207050,3781398,134933,0,0,0
207069,2209677,27800,0,2530952,413000
207209,7037426,175595,54338,5484442,0
207236,4725862,65100,768663,1394077,0
207263,15753647,625627,0,6199823,959120
207281,7870133,599713,143408,1050981,0
207290,5826065,778952,0,953943,338015
207306,3267289,46959,0,6679445,384377
207315,0,0,150374,303275,882401
207342,0,0,1245000,4295000,12097000
207351,2384679,202952,561565,4954757,1071986
207388,24332016,1805142,19729473,76757140,14362056
207397,10681215,264512,599329,1113694,52661
207449,15235424,295010,1000,0,0
207500,21082000,513000,1452000,58723000,44805000
207564,5641148,383250,26700,2632650,455442
207661,8075417,113774,0,4504919,0
207670,9227595,1415385,0,0,1304000
207722,1830426,320098,234063,0,0
207740,3550724,57913,822048,0,0
207847,7298960,226485,0,8101490,315760
207865,6667809,252318,0,7057434,0
207935,25875897,369775,0,3729819,2568416
208026,402600,0,0,0,0
208035,2337558,32131,0,1432179,100628
208053,187691,5703,24912,0,0
208275,3615846,51300,0,419934,110515
208318,13445936,259200,1059291,93176,42271
208390,25235995,414920,955225,2557536,0
208406,9434395,140814,850374,1005691,0
208415,2456120,179430,0,305563,0
208646,7194546,129559,351471,1810431,67354
209038,25436582,579851,2476587,2008035,0
209074,4020237,97858,492864,697661,184411
209250,17474000,867000,0,870000,0
209445,,,,,54822
209490,1117000,2710000,1700000,11374000,105530000
209506,5764096,217355,1828207,2203251,527049
209542,32976210,1138166,16686774,33485994,48168819
209551,21955638,1215165,13055445,35929771,67652156
209746,60711747,8630264,0,350493,0
209807,40584480,2840490,6236396,18009052,2907932
209940,13883172,137500,309457,484509,0
210146,9015173,389388,2703978,3171158,3136920
210155,3623414,118840,561200,212548,0
210234,6674505,87192,0,648285,0
210270,5328019,97748,443814,403021,33015
210429,9604190,361597,2029848,3310453,893724
210605,27573718,463945,2641949,1061597,537821
211079,3953527,69730,270298,0,0
211158,12197656,711654,1183659,2498608,690083
211307,8231730,497666,1202715,0,2071779
211343,5268968,86577,0,0,0
211361,10683913,281442,507134,3879520,1191138
211608,4258995,589564,2195621,478296,1027792
211644,8622876,275679,1652471,1411755,940630
211927,19343341,2052238,0,429058,0
212115,8628809,179255,945799,3261412,2869061
212160,11247724,228600,655837,3079050,3218948
212878,33082811,480892,4946626,3244412,1852043
213020,19525784,736991,59329,7250457,1797770
213349,12004667,212985,7422,2320554,9100
213525,5621458,154782,57354,315900,0
213613,8359123,504942,174395,977697,30400
213659,11077697,229620,0,0,0
213783,5245655,352696,337994,1300935,1005340
214041,10272090,504586,1290060,1729060,2696916
214111,13304580,382266,1187453,0,58759
214379,17235357,253690,1017912,326806,0
214661,,,,,0
215239,48699972,879785,724083,0,100000
215585,10436492,183506,0,581125,0
215886,231303,27000,0,0,0
216010,8279870,219962,1014598,1567585,0
216038,10074513,210066,3171693,3285983,208046
216296,2263747,0,0,2627256,53903
216764,14170624,309093,2239323,2622751,2105855
216825,10043091,329396,0,580641,0
217420,13050634,811344,0,0,279279
217475,28275292,397247,4646,2508519,0
217484,15805878,1383595,1739712,88254932,8720013
217615,5964674,86560,79891,98916,0
217712,5723674,224438,48965,21861,0
217819,10559749,704264,2959525,15233037,3497825
217837,3339613,109788,0,0,0
217864,2904440,415192,6900164,5623013,12918562
217882,12894517,194921,19353232,21646227,50056529
217989,8203996,94490,0,0,0
218025,17786965,352711,148841,127773,177716
218061,9670780,294652,1047116,2800610,1957460
218113,24812370,2316494,2350923,0,872238
218140,17760612,201272,35450,172681,364694
218229,6208976,116509,950506,3866192,801452
218335,93500,19467,46000,7675076,82567670
218353,23978180,392730,0,3685227,0
218487,7736304,180843,107357,199793,256482
218520,17110194,383618,0,0,0
218645,5795399,157199,696140,2614008,987122
218654,2895863,102727,45910,1056537,1790066
218663,23912437,5583368,8973359,112596312,41693834
218672,2805057,10022,193169,244386,1297604
218681,2800574,11225,32167,446342,33813
218690,1564396,20000,70051,131561,364396
218706,1307590,2244,41462,8153,38705
218724,14758629,2237119,543461,12708588,2530123
218733,11106875,1043089,83419,9257293,76095
218742,10979000,274495,119195,4658734,238551
218830,12341139,154130,0,499975,0
218858,10936802,189139,0,21000,0
218885,11310543,216331,6300,0,0
218894,37235580,895443,296007,1127084,0
218955,1955222,22643,54053,152865,0
218964,8916554,627453,960221,13489814,1385712
218991,11961817,629016,0,376648,0
219046,5657464,429377,1190727,912842,458650
219082,2835338,340391,1044502,0,710608
219143,2832262,83750,297900,27917,0
219189,1981539,136682,0,165343,4000
219259,2691844,361346,2427295,0,2407651
219277,4326417,312922,2157525,1070794,4229358
219347,2361221,426460,2881236,0,0
219356,11334089,851628,8387343,787797,0
219408,586728,0,487651,0,0
219426,4687985,54245,152500,0,0
219471,8118642,557749,5712391,5661993,9130091
219480,2885763,37950,0,0,0
219596,622469,4889,0,1630,50
219602,21491690,321067,897480,9857202,628900
219824,21357431,328082,14620,1401446,262497
219879,6979139,68322,287637,877887,671513
219888,8655279,77445,6697,854222,408273
219921,402321,7415,0,2472,1750
219994,1461558,12373,31691,3677,28046
220057,6150756,81237,415953,693374,914377
220075,21735450,347809,169916,21651668,3442072
220127,1521841,19075,3000,29904,1964
220251,794465,8658,0,0,11312
220279,724593,10350,18574,11261,21858
220321,971992,16041,31510,43323,39135
220394,673356,13567,0,2654,100
220400,8299013,187500,154616,819914,281377
220640,1043353,0,0,66970,0
220756,610862,0,0,12434,0
220853,2399571,927366,0,823846,0
220862,35067728,505863,3143412,26473862,25991748
220978,39421191,722242,1389746,19736170,2467444
221050,1326892,26727,0,927,15228
221096,5400405,81809,0,393911,56667
221102,806674,600,0,20422,0
221184,20542021,198107,598193,364505,302010
221236,774828,12115,11137,17187,1000
221281,1109590,12817,2125,13706,1563
221333,628433,7050,7000,15904,625
221388,480030,6610,0,7196,0
221397,11322513,137137,621444,209235,693821
221430,749454,12300,0,7886,600
221485,25683069,3460011,0,0,86291
221494,1005384,10202,0,0,0
221582,606702,12902,13938,0,18538
221591,1062582,16999,5007,25053,3500
221607,557313,92796,0,0,0
221616,1335495,8992,0,30902,0
221625,1679974,19722,1867,53802,18000
221634,615834,5172,2118,5156,2325
221643,16654697,377856,1392033,1808604,66821
221740,14647188,1864586,2861690,12301153,4709980
221759,27433496,6733985,16102156,74629772,19544304
221768,14869314,664240,1978627,8084808,1675421
221838,19925444,1371715,15786,5474168,185115
221847,15325539,658597,333555,11636400,855859
221908,12359530,128400,0,196529,30928
222053,11503862,161551,257687,1328072,447185
222062,10205915,241979,43011,807639,117244
222497,,,,,49029
222567,3099683,182967,0,870226,0
222576,15497379,324064,0,2401447,310045
222822,9713113,370107,473851,215945,501553
222831,9283909,159504,6643422,7289650,4900676
222992,34225811,1004033,0,18118543,25314
223320,5873673,157718,0,0,158688
223427,19100757,310697,972495,4799790,289618
223506,1711357,30000,0,558089,0
223524,8132435,506841,0,464574,2300
223773,7179818,272969,0,266141,862
223816,27374370,188200,0,1061744,0
223898,6261732,92090,0,874948,63262
223922,2370308,46579,301956,739110,74742
224110,12582040,267102,51797,1866032,0
224147,16909568,524082,1320913,8996549,6124344
224253,,,,,0
224350,14305183,9073911,0,0,97300
224545,3891153,160902,1335155,0,1759841
224554,16532340,1252730,13739703,0,1665056
224572,16943306,585954,0,458135,23910
224615,15961545,439026,0,721520,31042
224642,57215251,9564512,1694589,0,0
224891,1864054,0,0,0,332002
224961,3217226,65242,680693,67798,0
225070,9057890,181132,0,1444632,0
225308,11692654,138708,323380,2160996,45262
225371,7063907,64988,307723,1060686,546164
225414,8317150,1164501,190661,6010734,580073
225423,92688984,3975511,1780426,12221016,1436292
225432,27921120,423035,1824746,7919517,1263992
225502,5733675,93285,450650,3299950,1015110
225511,51585166,2167447,16360697,73417023,64472284
225520,4914087,353292,620165,1031026,658635
226019,10835650,450357,282457,1906509,712602
226091,16874185,923657,1445552,8699510,3397563
226107,3792298,55088,289062,0,315708
226116,3485830,242865,629137,0,359263
226134,19804744,1057217,1497088,237053,0
226152,16592075,386262,4467640,1322565,2269413
226204,6118222,68450,411871,4603754,1406737
226408,4406189,92648,77291,30398,0
226578,17447807,242505,0,0,173114
226806,3874005,61718,3288792,0,1490596
226833,8316438,234249,2260162,7041741,7380693
226930,10769228,338556,0,434117,0
227146,20271045,638072,1169569,1490548,1414538
227182,90057067,1311960,1235174,0,297500
227191,9155915,444355,0,505170,14615
227216,46282181,1006138,45614592,26683237,11061079
227225,7420128,71790,251915,846403,0
227304,4960753,254894,527718,2620557,193305
227368,52634468,5026787,8417335,2034388,3237131
227377,20464915,1004766,564185,2965691,289955
227386,5244585,44332,1015725,337251,52295
227401,10454700,101839,1179824,930311,639765
227526,20472477,2605650,11322345,0,3834263
227687,3398363,27454,1496640,0,1600
227766,16427110,634797,0,802716,0
227854,14246594,215249,843297,5189568,452276
227881,28094150,918954,0,18572703,4405610
227924,34809664,407534,4777187,7307645,1057595
227979,33560711,2429056,1193682,1546174,0
228158,16139056,366584,0,378500,355902
228316,10523182,119388,0,0,1038287
228431,20242968,1221294,1230047,22620048,3352858
228459,46675986,788318,1590601,34231298,3929829
228501,5185578,67899,0,2149027,2828426
228529,15851777,200044,878563,10141021,1057548
228547,74484233,1153675,2746564,3042230,100000
228608,12218813,137935,0,451162,0
228635,3563,47966,2299650,1248527,56527321
228644,1146915,176000,2073832,3965784,16610290
228653,905410,1068825,6389110,0,11242646
228671,,,,,0
228680,8256494,242091,111316,0,141418
228699,8647538,89637,0,4471790,1214860
228705,20697581,282603,0,18584441,6204775
228723,42775029,3563333,33694035,63316296,650889939
228732,,,,,605248
228769,44740942,4047575,2037006,64972184,9274437
228778,44769860,9641325,61181757,139867557,130624009
228787,27469307,994755,2297752,58931952,15624131
228796,53067595,949640,2118784,0,7097648
228802,9363206,543512,2147266,5308488,5884291
228909,0,0,276252,0,549423
229018,5486461,744411,1347504,4436274,1995147
229027,45533171,2522696,3646147,47873239,9925550
229063,19410875,1864187,0,14477167,514519
229090,,,,,1344956
229115,34041243,473931,17649658,30914301,34985474
229179,19377103,1688235,1171380,12885170,2206478
229300,1003440,363347,2968949,0,16782991
229319,14778872,0,107416,0,0
229328,2079548,57828,202831,334233,43971
229337,1899643,43088,3958574,1162841,10093846
229355,19621964,225673,470239,1274451,586851
229407,,,,,977855
229504,5769094,364887,216561,756634,182515
229540,5869197,130509,0,140583,1256743
229799,7675262,176541,590924,993896,628791
229814,11563926,618473,4421395,5671985,5971347
229832,1421707,7400,315319,1224338,85902
229841,7477889,213913,0,0,0
230010,909978,0,23113,0,43584
230162,997980,57670,116250,0,472660
230171,9019728,235154,1090392,146618,1041041
230490,1558149,487701,0,0,344869
230597,5569106,128285,535713,2313244,441472
230603,12236005,201696,1320070,2804123,10187914
230676,170895,0,0,0,99982
230728,36868665,3017935,14863347,38451501,19941174
230737,47977398,2210190,1768944,15069318,3041980
230746,39764849,449489,132392,3607542,750697
230764,31528000,8535000,13916000,60964000,77056000
230782,28820191,594132,2779457,13689957,5092109
230834,3086421,400657,486273,2024143,603409
230861,8682470,433547,330033,198630,86602
230913,3072794,554871,476553,1687621,388782
230931,2730038,844744,378475,1814687,1343061
231156,,,,,442922
231165,2334882,585093,394610,551206,355331
231174,8198000,1790000,8448000,86830000,19486000
231536,6612014,70926,281732,130294,264336
231624,3125930,83946,18881204,12450287,28053008
231688,114740,7500,500,0,0
231697,4409770,143583,300,140178,215364
231712,3378265,75480,1792051,792138,1734715
231873,1872511,54145,80550,27610,74692
231882,7949524,93110,224630,130912,124886
232052,1651584,75873,37825,52376,123097
232186,24149235,677288,0,48711915,3148941
232195,7280863,136674,16142,188392,307893
232414,19572072,560713,270485,441010,595889
232423,10697170,166170,785800,12726194,847606
232450,11006783,235453,142710,279392,288185
232566,4579553,2540873,3183529,0,0
232575,7218327,175488,559796,79563,155762
232681,2743891,61938,0,0,0
232788,5648108,165451,595206,104653,3759488
232867,6302232,205222,0,71470,235307
232937,16757504,1861472,0,0,987630
232946,55600580,1446406,3558669,3172320,1829402
232982,29426773,642756,18890900,0,11211579
233019,6360293,195266,180350,82539,336703
233037,2493799,92371,18240,88468,83525
233116,5310291,126371,241124,129706,197442
233277,10905245,726345,66683,6589832,1851115
233310,3034163,56795,4525,54242,254030
233338,2082869,2357731,21000,60000,0
233639,8999649,209734,0,114020,18609
233648,4706530,299495,0,251037,506983
233754,17793930,292782,0,275251,135927
233772,51960936,825139,166114,551561,1061517
233897,3896780,113925,2697956,7190855,4479256
233903,4357564,184975,0,0,72919
233921,16829520,4734155,25086478,60203969,60489325
233949,11533923,231847,92890,185681,362622
234030,28069470,3647902,4792529,48008035,41986817
234076,8707409,811150,84310549,44546002,149081337
234085,945940,91286,8728347,683681,16463803
234155,15455682,912635,614290,6249542,748506
234225,309800,0,0,0,0
234359,176106,0,0,0,0
234377,5012895,327790,0,104061,90481
234669,9082198,829801,1248556,446757,443372
234696,4926517,193102,0,233235,0
234711,4674886,103234,154892,1741094,0
234827,16757659,1449148,4679551,10053659,0
234845,4662374,60909,1162282,0,0
234933,19735267,284563,1599403,3720507,0
234951,7193886,138780,0,210,15867
234979,9361163,168588,10600,352152,1100784
235097,19994226,642094,798164,17629533,0
235103,7841764,643418,624273,2711910,191052
235149,7912481,81558,1688878,134889,239247
235167,8795919,2066550,2266530,6913873,0
235237,7897847,402403,253828,1652138,0
235334,4346181,47401,887849,838127,80375
235343,7937960,621657,4893962,0,128442
235431,9263856,154975,1525126,1246588,0
235671,3588227,216606,191783,0,91938
235699,4229645,85771,253040,0,22500
235750,6954062,378164,696740,7711483,969626
236072,3481345,557675,1038849,646085,778234
236188,10385726,241782,535705,4009399,0
236258,4097258,55669,537027,1561097,0
236382,3692402,45776,126529,621194,169946
236504,3620459,460826,1060182,634262,1854529
236513,8034846,867078,1307577,856495,872483
236610,5314015,90603,1159701,1358425,2060
236638,5956922,96100,685781,1818782,0
236656,6572675,59975,464292,1049450,910938
236692,17525467,1498057,991315,0,0
236708,12663077,918711,0,896180,0
236753,14540480,153538,338929,336879,35981
236887,8174132,178421,19502,817316,0
236939,33746385,6108307,27088707,58118567,35840676
236948,47370302,16880467,117757446,37180535,117070570
236975,7800065,100300,650,88579,247028
237011,14952723,620889,3826919,17593971,0
237039,6317362,164400,0,451749,0
237109,10900932,450528,87896,495677,0
237215,4415024,55358,270966,1391235,0
237242,244378,0,3202,0,0
237330,5464887,371138,1778234,1693524,0
237367,8070359,110848,2013848,2487128,11059
237385,2921831,106536,780792,2288737,0
237473,403959,0,0,0,0
237491,41687,0,0,0,0
237525,17639860,853201,9762,22711022,1133692
237561,211750,6084,0,0,0
237686,7236430,93121,0,557239,7500
237729,359263,12860,0,0,0
237792,5583097,167666,883304,3245130,1022050
237817,4386010,153090,367374,0,0
237844,284097,0,0,1,0
237880,0,0,64750,901896,0
237899,5337381,126737,0,1891044,0
237932,4362328,304418,860954,3673970,1621772
238014,4538681,69294,0,0,0
238032,30503987,2104702,24615075,44109666,27355264
238263,16829690,498813,0,0,825229
238397,5675778,90180,0,0,0
238722,12366662,248832,1431907,19771817,0
238759,15093507,348183,0,17766,327944
239008,3390318,66763,0,0,0
239220,5170658,59075,227876,60680,500
239248,35848229,1049588,0,1770148,4322327
239372,4704842,227495,365590,19844,0
239442,2789942,160689,0,0,0
239460,8109113,564613,0,0,0
239488,13842243,1109270,0,152401,0
239910,2865370,38305,0,0,0
240055,18084215,718958,1305867,1927413,1613932
240116,9448797,113147,0,0,2349483
240125,6732185,72612,44100,0,804232
240170,7416592,223461,96579,33529,0
240189,13566196,701910,1562698,8528235,2044406
240198,5696545,271561,0,0,0
240268,10800784,942607,748764,5850470,3125755
240277,8488168,896373,880997,2607777,1638647
240329,8492952,887424,1357007,2914634,1468899
240365,13460501,1135782,1526912,2977528,1969598
240374,8380026,462949,614314,1226816,657179
240417,8595810,1082737,1092545,7653049,2236205
240426,4338736,277642,859437,435928,1574845
240435,,,,,3001835
240444,18860157,25590210,41501597,54400637,260456150
240453,34460139,6536227,1990922,8085763,1505078
240462,9023656,463010,1113749,8455627,2441608
240471,6872492,336927,1076650,847227,1725598
240480,12944843,949211,1005928,1661282,1988896
240505,3503993,122987,817345,1286155,0
240514,1528748,731924,295949,912758,1115779
240596,1182420,25412,82545,1145606,60532
240620,4942591,83459,53359,1867040,0
240657,1951259,36529,0,1151307,67867
240666,2844693,193315,0,1265729,0
240693,2593147,1372036,0,573837,0
240727,9927341,2483475,15549563,2931142,25843279
240736,4264543,116545,0,0,0
240745,6638676,60018,0,0,0
240754,8274023,656289,0,11136586,0
240790,2279157,0,0,0,0
241720,5531244,400086,0,0,0
241766,1318228,26320,0,231336,0
241951,1764670,25970,0,0,0
242042,3458936,25300,78936,0,0
242556,2397950,18675,0,0,0
242565,1865055,21146,47520,14700,0
242583,2161227,29696,59649,0,0
243106,11079411,178159,0,0,0
243115,14451375,241756,66100,0,149959
243133,14721945,235089,20695,67800,64229
243142,12263351,160794,0,0,52500
243151,12986251,177157,35287,2,64782
243160,,,,,174879
243179,12320728,248214,31223,0,263968
243188,5786867,81999,37706,1,0
243197,31848068,614578,469689,217870,5753219
243203,1661861,82016,0,2150910,3424799
243212,11692647,179404,38394,1,41916
243221,33222243,624525,1235,0,1163221
243638,10552073,305444,0,0,0
243647,2631522,38372,0,0,0
243665,5182654,0,1330635,254066,2095669
243780,24989823,5262139,97476023,23564563,82379030
243799,115658,0,0,0,0
244437,42157116,919882,5496,860632,1094482
244446,9426019,186896,0,0,298318
245625,2162701,32000,0,309366,203439
245999,1609278,23658,0,350570,0
246017,415375,5703,0,0,0
246071,249355,97187,0,2500,0
246354,13167662,209494,898093,3295495,71835
246813,6689518,151179,0,0,861294
247083,,,,,0
247603,3853096,3729551,0,0,0
247737,,,,,0
247834,23782564,366860,1145384,0,31200
247940,1529448,234295,98640,7795694,100344
248606,869575,23500,0,0,0
248624,305100,352936,0,0,3659197
248633,169636,0,0,0,0
248925,1933120,20160,31426,48681,0
250993,307890,0,0,0,0
251260,10056735,118162,0,2248940,2000
260336,0,0,0,0,0
260363,104090,0,0,0,0
260372,951173,31846,0,0,0
260381,,,,,4876146
261375,1573230,0,0,0,0
261773,112907,20915,1250,0,0
262031,6301760,101950,114343,258398,0
262129,980444,22481,1016272,2061950,1256265
363165,1528642,782802,0,0,0
363633,2112255,43835,0,146212,0
364016,8574552,156634,1527431,0,173791
364025,11579046,149610,2445205,0,694338
364548,261760,5200,0,361477,0
364575,202167,0,1000,0,0
364627,405883,0,0,0,0
364636,154011,0,0,0,0
364946,551181,6767,2114,0,0
364964,185805,64454,0,1718,0
365198,290786,0,32664,0,0
365213,344810,0,0,0,0
365240,161055,9426,4700,1182,0
365374,611588,0,0,0,0
365383,401907,0,0,60,0
365480,469610,0,0,45024,0
365763,107246,0,0,0,0
366340,841624,590428,5425,118546,0
366395,30231205,2336514,593152,215983,190323
366401,7059781,97502,0,4264960,0
366465,5102049,91739,0,0,629394
366623,96111,0,0,0,0
366632,168629,0,0,0,0
366711,21389314,239454,0,21835811,2482865
367459,12691145,292643,0,114046,155784
367875,749432,40283,6600,0,0
367972,467642,391725,0,0,0
368364,251193,0,0,0,0
368407,237321,432704,0,0,0
368647,145136,0,0,0,0
368911,3006489,65488,0,0,570042
369109,315037,0,0,0,0
369419,2427970,72198,222078,24350,0
369668,646835,0,0,0,440926
371690,1805792,393970,0,0,14441
372082,820665,0,0,0,300
373711,155025,0,0,0,0
374592,213786,0,0,0,0
375373,679053,0,0,0,0
375407,348721,0,0,0,0
375568,35443,0,0,0,0
375656,149346,0,0,0,0
375683,733264,193411,0,0,0
375692,2340979,41393,0,0,99536
375966,268244,0,0,0,0
376695,5404177,0,0,0,0
377485,42200,0,1350,0,0
379621,247724,3680,0,0,0
380359,1345660,306428,153723,421640,64479
380368,2801000,96000,109000,45000,148000
380377,2227455,208344,279948,0,1941856
381529,826954,131662,0,53356,0
382258,216969,0,0,0,7143
382416,199436,0,0,0,0
383084,1501578,0,0,0,0
383190,6364570,158121,1000,796337,0
383312,227326,7495,25935,0,0
383330,339939,0,0,0,0
383367,592273,68429,0,0,0
383525,324993,0,0,0,0
383996,838223,19568,20714,13331,0
384333,15340690,237073,1653025,0,294187
384342,4845611,193261,0,0,0
389860,735560,0,9150,0,0
390905,640451,0,0,0,0
391333,117139,18000,0,0,0
395195,336082,0,52968,0,0
395362,3975341,268830,0,1221518,0
399212,6070199,51000,0,0,0
403469,1005634,39894,0,1388262,0
403478,1163568,50105,0,1041197,0
403487,1408604,52035,0,2429459,0
404426,4011180,146178,0,158349,0
404480,,,,,0
405872,2880810,161435,503951,0,503951
406325,357340,0,0,0,0
406361,114032,10628,0,0,0
406422,294867,0,0,0,0
407452,0,0,0,0,0
407461,699541,165320,0,0,0
407489,224639,0,0,0,0
407513,679092,249327,0,0,0
407522,42809,0,0,0,500
407577,939537,0,0,0,0
407595,451719,0,0,0,0
407832,458250,0,0,0,0
408394,1292577,48247,214424,256162,40955
409120,497164,15673,29886,0,0
409315,54263645,3059221,2083110,21762139,323100
409379,,,,,0
409537,277828,0,0,0,0
409591,233804,0,0,0,0
409698,12760486,144068,0,9813363,751735
412535,81293,0,0,0,1750
413176,154017,12000,0,0,0
413626,1170555,30070,108700,0,15952
413802,2438594,141203,0,0,0
414911,3259128,421041,68361,0,26679
416801,554578,0,62000,0,39540
417105,1157844,0,0,0,5546
417123,514194,605641,0,0,0
417178,288285,0,0,0,0
417187,138144,0,0,0,0
417248,24725,0,0,0,0
417257,148329,0,0,0,0
417275,32573,0,0,0,0
417442,428803,308271,72319,0,0
417628,100434,0,0,0,0
417637,331323,19792,0,0,0
417646,59312,4270,0,0,0
417655,139167,0,0,0,1637
417673,76689,0,500,0,0
417682,82713,8160,0,0,0
417716,795935,0,0,0,0
417831,153181,0,0,0,0
417868,53030,0,0,0,0
417886,286459,84859,0,0,0
417910,530749,24423,0,0,0
417947,188902,0,0,0,0
417983,213750,0,0,0,0
417992,215879,0,0,0,0
418001,772902,0,0,0,0
418010,157635,0,0,0,0
418029,182126,5625,0,0,0
418038,514737,0,0,0,0
418056,339831,0,0,0,0
418065,618527,0,4237,0,0
418083,177784,0,0,0,0
418199,144478,0,0,0,0
418205,480042,0,0,0,0
418223,475551,0,0,0,0
418250,525967,0,0,0,0
418278,78403,5000,0,0,0
418296,532007,0,0,0,0
418302,322073,43603,71740,0,0
418320,216571,0,0,0,0
418339,809417,266934,0,0,0
418348,95074,38586,42257,0,0
418357,289057,0,0,0,2000
418409,266061,0,0,0,0
418427,438389,0,0,0,0
418445,65119,0,0,0,0
418454,568757,0,0,0,0
418481,197437,0,0,0,0
418515,401062,0,0,0,0
418524,202947,0,0,0,0
418533,1205962,0,0,0,0
418542,420665,0,0,0,0
418560,292962,0,0,0,0
418588,172943,24535,2200,0,2200
418603,79230,0,0,0,0
418612,85015,0,0,0,0
419031,69793,4800,0,0,0
419095,104562,0,0,0,0
419226,1265263,11457,35808,51119,0
419332,26386,0,0,0,0
419420,240213,0,0,0,0
419484,115935,17550,0,0,0
420398,20964973,260976,1307693,4672135,27337
420431,3566557,119125,0,0,1026269
420440,2760075,62485,0,115097,110124
420468,587839,246735,0,0,0
420538,4377300,16000,247460,236737,162364
420556,1806940,62700,126254,0,109005
420723,943524,9900,60033,200186,0
420802,,,,,0
421540,215678,0,0,0,0
421559,287571,0,0,0,0
421717,128278,0,0,0,0
423652,0,0,0,0,1000
427991,1183695,0,0,0,0
428019,228577,0,0,0,0
428392,2792609,62081,227232,78686,0
428426,,,,,0
430795,598975,11835,20371,0,0
430883,146896,0,0,0,0
430908,227766,0,0,0,0
430971,450000,0,0,0,0
431017,188787,0,0,0,0
431105,240288,0,0,0,0
431169,550670,17368,0,0,0
431187,90370,0,0,0,0
431196,447586,0,0,0,0
431202,116395,0,50342,0,50342
431266,83118,0,0,0,0
431275,320114,0,0,0,0
431558,393450,0,0,1551,12206
431691,77810,5570,0,0,0
431707,174368,0,0,0,0
431716,649777,0,35550,0,0
431770,97675,0,0,0,0
431877,100048,0,0,0,0
432144,,,,,0
433040,121975,0,6000,0,0
433068,832385,2619,0,0,0
433138,714786,5888,0,0,0
433174,294120,13251,0,1041069,0
433660,18681355,576593,6634769,10310333,0
434061,11216923,0,0,2454,2454
434584,96976,42879,0,0,768448
434672,39408733,1301756,491485,215516,548462
435000,65577,19528,167595,976349,0
436304,2690281,0,0,1765883,0
437103,17979582,2823845,0,0,0
438665,,,,,0
438708,1799220,0,0,0,0
439145,4252687,216678,136677,889613,0
439154,,,,,2500
439190,1748601,42091,175743,1002230,0
439622,793164,104990,0,0,0
440217,96697,0,0,0,0
440402,3398219,145728,0,246008,135882
440730,1908168,660039,38449,0,0
440916,0,434482,3736,0,3500
441070,25783,0,0,0,0
441210,235870,1789,0,0,0
441317,155111,0,0,0,0
441335,151749,0,0,0,0
441353,35222,0,0,0,0
441414,197104,139064,72,0,72
441593,178414,0,0,0,0
441672,382167,0,0,0,0
441760,3526611,131587,280767,194593,341807
441900,4854000,75000,159000,1015000,806000
441937,10210337,106938,0,6511997,83791
443368,,,,,0
443492,5604506,107825,554094,267425,416176
443711,,,,,283
444219,6170079,133106,0,500,147183
444954,4584400,97842,12000,4153781,0
445188,16372000,784902,1541016,24431029,2256000
446206,154888,0,0,0,0
446349,186229,0,0,0,0
446774,5346113,59635,0,147649,0
446978,,,,,0
447582,6784544,1659067,0,0,0
447689,24114851,215872,0,24114,304730
448248,664494,0,0,24993,9500
448336,,,,,205131
448594,7428141,114450,0,0,0
448637,,,,,0
448840,6397523,94475,2880365,1431124,53513
449357,469676,73351,0,0,0
449816,187393,0,0,0,24594
451459,413861,248828,0,0,0
451583,318563,0,0,61779,12762
451671,2781318,3700,921825,670914,160679
452106,326896,2954,0,0,0
455114,20772856,618155,0,410417,509706
455512,3821454,87678,0,81523,0
456959,0,0,79643,169097,71229
457378,472886,0,26792,0,0
457387,509587,0,99483,0,740
457615,53542,0,31160,0,0
457624,47193,0,0,0,0
457873,13138,0,0,0,3085
457943,283376,0,0,0,0
457989,154262,104029,0,0,0
459329,498560,5526,0,0,0
459408,80451,0,0,0,0
460394,10738770,337478,556662,0,69390
460464,9327818,259020,179270,0,53156
460604,61714,0,0,0,0
460808,83419,0,0,0,0
461087,,,,,0
461245,166796,0,8900,0,0
461306,118330,33509,0,0,0
461315,260615,10000,75720,0,0
475565,1576163,40030,0,255030,3189
475723,11,0,0,18187,32077
476975,6551036,0,0,0,0
480967,13805,0,928000,202000,0
481021,72722,0,0,0,0
481049,80333,0,0,0,2000
481182,209383,0,0,0,0
481191,151711,0,0,0,0
482149,10181647,144753,3301022,9424393,4061192
482158,17967232,0,107789,2923052,2008967
482264,208500,0,0,0,0
482273,113727,0,0,0,0
482680,22874195,599323,915814,1262653,155174
482699,7310576,111167,0,188759,424064
482936,0,0,0,0,0
483036,2468164,66150,219947,1412726,239909
483045,16632208,343009,0,0,393419
483212,2154026,0,0,6952381,1000
483522,0,0,0,0,0
484905,3497478,0,828347,216353,99621
484932,5121192,89429,0,811174,0
485111,19141515,4748344,306599,1917827,764516
485342,0,9646,67230,0,0
485351,0,0,18210,0,0
485458,4223727,124219,0,0,273743