,UNITID,INSTNM,NPT4_PUB,NPT41_PUB,NPT42_PUB,NPT43_PUB,NPT44_PUB,RET_FTL4,RET_PTL4,GRAD_DEBT_MDN_SUPP,GRAD_DEBT_MDN10YR_SUPP,RPY_3YR_RT_SUPP,C200_L4_POOLED_SUPP,md_earn_wne_p10,gt_25k_p6,POOR_Prop,Tot_Grant,Avg_Income_Low,Tot_Students,GG_NO_re
0,155186,Highland Community College,0.0005658759156295203,0.00047399187506540685,0.0005134353315929291,0.0006206898881677676,0.0007561990697623213,5.5214435510316715e-08,1.343149603116203e-08,0.0012431957866021305,1.379439316147204e-05,5.644871122778895e-08,2.823448252357554e-08,0.003752206488352831,4.9788702128150825e-08,4.0087001949931314e-08,1.0,0.018012880828303435,0.0005748043771357503,0.0
1,202657,EHOVE Career Center,0.01578579165110037,0.014723790402743232,0.015857097449204348,0.016973715904619855,0.019046135483556784,1.0424076469596133e-06,1.178040377821225e-06,0.010619914150163145,0.00011780557618499368,8.732134752730426e-07,1.1212217301694026e-06,0.04915538801912218,7.445247654968191e-07,4.776196502933648e-07,1.0,0.32218377181461844,0.000773645433251961,0.0
2,239372,Moraine Park Technical College,0.002062695174206311,0.0016837770104564716,0.001751850645829892,0.0022170831704537643,0.002589983775275566,1.2824102836243435e-07,1.0091754985481564e-07,0.0018099576992287507,2.0083168099909505e-05,1.2549814414208691e-07,7.036325843848499e-08,0.006205596447443387,9.043504005434356e-08,6.402239167728788e-08,1.0,0.04669737437677236,0.001993681295250385,0.0
3,169974,Glen Oaks Community College,0.002461284055470664,0.0021105008810711726,0.0023643297498537226,0.003040929324674094,0.003617245690680376,2.1576866424977178e-07,1.6242299051547192e-07,0.0022199385736774197,2.4622386749510207e-05,2.1672133267952195e-07,8.507453782543901e-08,0.010361187455202982,1.5858311815430327e-07,1.8629201913409829e-07,1.0,0.07283887488507965,0.0006183200229494928,0.0
4,128258,Trinidad State Junior College,0.0023501083485119216,0.0021385434616112125,0.0024013247715920726,0.002605109948657822,0.002763729588070611,1.1283608830973395e-07,7.411042157571245e-08,0.0014046575005133503,1.558238390190647e-05,1.0484950388849182e-07,1.0652155716035833e-07,0.005402563943478737,7.875914828904342e-08,1.0035150624387354e-07,1.0,0.02985548857306281,0.0005434868423935088,0.0
5,403469,Frontier Community College,0.00047660225670120263,1.5592874975259454e-05,0.00019432645879948875,0.001744583497348494,0.0018723677377377706,2.929514944639102e-07,1.601544960915173e-07,0.0019775534790228344,2.1934493179155775e-05,2.6637952673687526e-07,1.574289802759092e-07,0.009409172629893721,1.4292140044012397e-07,2.0605991122809835e-07,1.0,0.16579366260366027,0.003229510329396229,0.0
6,128577,Asnuntuck Community College,0.0018208671941780153,0.0015201419112813826,0.0016262802464213706,0.001833336998579708,0.0028352712824831466,2.0493464171524356e-07,1.3437874843775973e-07,0.0015949607376915381,1.7693248074300402e-05,1.7663916147123852e-07,1.0273317752245905e-07,0.009395838375029456,1.380442007523696e-07,1.0921948953975232e-07,1.0,0.03880688704050061,0.0007304842976579201,0.0
7,174473,Northland Community and Technical College,0.0022219297240983816,0.0017786006456349068,0.0019151219098138608,0.0024613894815887394,0.0027736727476451437,9.028172718679691e-08,7.927606912531172e-08,0.002874603575306857,3.190548322380532e-05,1.188409283816252e-07,4.808761621959463e-08,0.006296760932733846,1.0914671566816517e-07,4.7553547954367514e-08,1.0,0.033622550545494054,0.0009518074280805463,0.0
8,157304,Madisonville Community College,0.0007178010040999555,0.0006207901907588355,0.0006325937878193519,0.0008872318035727863,0.0011384271035169034,7.400179797738757e-08,4.567316503214794e-08,0.0012886770577663948,1.4301773191148594e-05,7.386550589961628e-08,4.839961201373973e-08,0.003295165603918155,4.728934477202441e-08,5.993836316021992e-08,1.0,0.01996196760750352,0.0008167790836178284,0.0
9,154642,Allen County Community College,0.0013740328807372918,0.0010230053043315517,0.0013141362650487527,0.001672800063374944,0.0020391000836215865,1.276747838695909e-07,3.3462895926024497e-08,0.001980157995673104,2.1974120813982957e-05,1.1724227245738063e-07,6.181417386312821e-08,0.006991905894839217,1.0916904745381717e-07,1.0005966588418701e-07,1.0,0.03792552499878189,0.0010924471974206546,0.0
10,403487,Wabash Valley College,0.0003272078885632232,0.0,0.00033003529372755585,0.0006436202301353582,0.0013905692671854185,0.00010168801229047321,0.00010154669343962321,0.001001158465006877,0.00011151727428888832,0.00010171854675435736,0.00010165091616358132,0.007529894026284073,0.00010164630173116877,0.00010166032220852216,1.0,0.10371102068555321,0.0049181427649400734,0.00010153906014199228
11,167871,Southeastern Technical Institute,0.02911214228207853,0.025426197691563096,0.002053958128976587,0.016797736491038325,0.050641409549407324,2.838532177231755e-06,2.9749121270808266e-06,0.02811693724263936,0.0003120386905486561,2.341858565811862e-06,2.659785343596143e-06,0.13202371524926948,2.4441558627096086e-06,5.519061876247254e-07,1.0,0.5879382016501237,0.0004589493788989988,0.0
12,126915,Delta Montrose Technical College,0.017424013258004037,0.015262607704108668,0.014917702562529618,0.018147036628869746,0.028110962941153374,2.130767019559061e-06,2.2516115617567575e-06,0.01213546775379196,0.00013464597307411388,1.6062999767856454e-06,2.319335441489746e-06,0.06029444492982948,1.3658637615944652e-06,9.384171708557872e-07,1.0,0.3395117635819231,0.002145992912502479,0.0
13,240198,Wisconsin Indianhead Technical College,0.0016844497767856,0.0014379729202725162,0.0015147141849108522,0.0019376289271535601,0.002188462274672314,1.0962892561981396e-07,1.276245846201574e-07,0.0013404545446840629,1.487761400706646e-05,1.1461942346383266e-07,7.089978575921775e-08,0.005378586592247163,8.523539614576024e-08,6.964307650645014e-08,1.0,0.04168491240411324,0.0009909299201522526,0.0
14,239008,Lakeshore Technical College,0.0025246661886320705,0.00201151650755784,0.0020048634959091887,0.0028607879075769724,0.0033016222446441246,1.9474524513049586e-07,1.71893596424259e-07,0.0023804693926819556,2.642106771887469e-05,2.212966205977858e-07,1.165741398196587e-07,0.009343135344371511,1.7043223464654067e-07,9.752511219558739e-08,1.0,0.07114729946933333,0.0013106361934412329,0.0
15,225371,Hill College,0.0010007852505700843,0.0008539151370078273,0.0009239373465988072,0.0011356515567738877,0.0015234216082062894,7.433996509337385e-08,3.380946260071251e-08,0.0011700153974471082,1.2986833316347135e-05,5.836406610522363e-08,1.4496595901573652e-08,0.0033186969146103223,5.2639842618035144e-08,5.6744009668724625e-08,1.0,0.02737656286428303,0.0007507059306022988,0.0
16,407461,Eastland-Fairfield Career and Technical Schools,0.007261255812556997,0.006498127381851318,0.006649596812794415,0.00863257447743114,0.010198144015575821,9.589920545077158e-07,1.1294240706986508e-06,0.010754302765832535,0.00011936827383240089,7.28933443541844e-07,1.0323956357807115e-06,0.02902197863964923,6.070550008461819e-07,4.68706815171956e-07,1.0,0.4776270266299825,0.00040466248818627723,0.0
17,238722,Fox Valley Technical College,0.00024190322964206577,0.00018146422122600886,0.0002122455361776308,0.00027318721736427137,0.00032936829172361973,1.8115524149540774e-08,1.3419969092559441e-08,0.00032185776915137003,3.572639297526312e-06,2.0838743564601368e-08,1.088073237644942e-08,0.0010408276760185049,1.713631232916424e-08,1.048581011631119e-08,1.0,0.007240231817653571,0.0004939197016235006,0.0
18,146685,Lincoln Land Community College,0.0005644633301733424,0.0004059438448448333,0.0005223668693392155,0.0008474085526027216,0.0010229200989450061,6.406473867291568e-08,4.955022978114899e-08,0.0009923892022202553,1.1015602371890272e-05,6.130733180068449e-08,2.5576708736514237e-08,0.0032668587885641316,4.462757872927527e-08,5.907636857773408e-08,1.0,0.016486463004881057,0.0014796228485152477,0.0
19,240170,Western Technical College,0.0012415422520646857,0.0011294467624233485,0.001279508003435747,0.00131940421674093,0.0013466880787431845,7.868124564272535e-08,6.256832336592235e-08,0.0016730648430720375,1.85723070934627e-05,9.04356064851678e-08,5.2167871280684765e-08,0.004118316626292939,7.391823441552158e-08,4.827972738438027e-08,1.0,0.03203871627695829,0.0008003673513867252,0.0
20,155566,Neosho County Community College,0.002264078063089997,0.001964116885365309,0.001916494781641351,0.0026093383150886935,0.003042873686185459,1.3379279915467843e-07,1.0716507408463598e-07,0.0030057052149862723,3.336502515078108e-05,2.12185941751457e-07,7.387337780633483e-08,0.009059810340235076,1.3848323662843126e-07,1.3835174445020372e-07,1.0,0.04713716681171455,0.001101111444709189,0.0
21,107460,North Arkansas College,0.0006104539042517698,0.0005610986096015571,0.0006032966409792313,0.0008532044169120304,0.0011239875440563999,7.469393492101199e-08,5.462377582760223e-08,0.0017147599833438401,1.903635324028995e-05,7.50114818170633e-08,2.9871573676740266e-08,0.0038022951045008735,5.606209363957514e-08,9.002045241794339e-08,1.0,0.0165844217609969,0.00041944444066590117,0.0
22,239220,Mid-State Technical College,0.001809074370701182,0.0015149614669706427,0.0016927339614621147,0.002068212665423715,0.002305242658079011,1.0046435108474759e-07,1.070062339095612e-07,0.0016762433427070444,1.8608875670064412e-05,1.261274923452734e-07,6.090783307885581e-08,0.005835141149617628,9.871365426397243e-08,7.988771472174696e-08,1.0,0.044865355077826845,0.0008984660273580149,0.0
23,174570,Pine Technical College,0.0056422006552101145,0.005014219003088964,0.005277063040098036,0.006194952949443852,0.007079356620217831,1.943182415149323e-07,1.7904301213901244e-07,0.008498622676947443,9.435096073853837e-05,2.477375204773886e-07,1.2987577767701335e-07,0.012339448369577385,2.499208865350247e-07,2.052356727205447e-07,1.0,0.08509220074946529,0.0008894483559937254,0.0
24,229504,Vernon College,0.0008838952392263087,0.0006292230599743722,0.0007102679081783033,0.0012006173803843798,0.0013800135287524566,7.369029359502115e-08,6.434762359373462e-08,0.001336677047421188,1.4839720431912228e-05,7.646643674986818e-08,5.277359221879357e-08,0.004207015421310417,7.335059467658581e-08,6.694277334133025e-08,1.0,0.03292109257767406,0.0010482361814176135,0.0
25,170587,Kirtland Community College,0.0013818407454263886,0.0012242975645972605,0.0012771298419455275,0.0017661621853424824,0.001979207866923761,1.0202201254516114e-07,6.864421999661705e-08,0.002002667686829309,2.2233849222476535e-05,1.308044236653048e-07,5.428359850785744e-08,0.004844548309533922,7.453447667486759e-08,1.165975164477434e-07,1.0,0.033760397550188656,0.00046461900619239663,0.0
26,222062,Walters State Community College,0.00036004649245313994,0.0002977375790277351,0.0003180941842661486,0.0006173362812708273,0.0007084099629679035,4.923974601895545e-08,3.475115350796286e-08,0.000555425649252261,6.16646288318088e-06,5.5243379052837616e-08,2.2301538496874766e-08,0.002318882958264305,3.5950421307303725e-08,5.285857132917982e-08,1.0,0.019951774415778098,0.0007089410048436881,0.0
27,173416,Dakota County Technical College,0.003138307380881582,0.002749679762401791,0.002829200925259042,0.0032005134518263666,0.003704361249822442,1.3803630456029522e-07,1.072966722514977e-07,0.002565199215235642,2.8479378746884495e-05,1.5736270066175434e-07,7.937182574743654e-08,0.0073535703120163375,1.3324854483589562e-07,8.17581885083141e-08,1.0,0.039820222714157194,0.0009476276041044137,0.0
28,146472,College of Lake County,0.00035908321357424645,0.00025898518493276934,0.00032263404887707586,0.0005070746607748015,0.0006534200166664521,5.1102777073670455e-08,3.301144973580599e-08,0.0005957284355543712,6.613957518549225e-06,4.985503217976142e-08,1.5870371639536568e-08,0.002445621525561309,4.1335981339255884e-08,3.7506314478933815e-08,1.0,0.011740236908640234,0.0022027838648476863,0.0
29,126289,Arapahoe Community College,0.0008453532514272173,0.0006307459766152981,0.0007886246259168981,0.000996116784986845,0.0012035127938440626,5.313681701055458e-08,4.368525109925903e-08,0.0011334192887643632,1.258385227403868e-05,6.249738395676774e-08,2.388028681759168e-08,0.0033844880691840102,5.640488918631261e-08,4.1488655741110135e-08,1.0,0.012773460191992747,0.0019008902867700705,0.0
30,107521,College of the Ouachitas,0.003345782174976603,0.003096701615538044,0.0033312652098559507,0.0037797630270045225,0.004666443975558045,1.8993924311618007e-07,1.2438368483449787e-07,0.0035337386707492585,3.923544195138627e-05,2.3161486290157798e-07,1.2246929864377705e-07,0.00920681582974099,1.626779462495488e-07,2.3056764418411075e-07,1.0,0.04417245442442355,0.0007460993421861166,0.0
31,202222,Columbus State Community College,0.00015111252788336269,0.00011124453276068096,0.00013365958581248915,0.0002000247646954327,0.00022996853785624516,1.2361934366230088e-08,8.201583189111491e-09,0.0004962847897640425,5.510134536098188e-06,1.2753109430146948e-08,3.7297811808072036e-09,0.0007650943191105361,1.2438230684697598e-08,1.3085609389450387e-08,1.0,0.005054338162251144,0.0011249818066588152,0.0
32,173638,Minnesota West Community and Technical College,0.0021258974658812306,0.0018375263243955622,0.0018869847342038767,0.00229409693394835,0.0028123883689644058,1.3540471730801664e-07,1.0143782594379405e-07,0.0026216056187327464,2.910849810106365e-05,1.471222792962836e-07,9.889314620571274e-08,0.0066217077921758676,1.2667617595150391e-07,8.771292041021553e-08,1.0,0.03732454848264396,0.0010658116325104566,0.0
33,247940,Owensboro Community and Technical College,0.0006835748321498299,0.0006073691859741377,0.0006064373234529676,0.0008063736043840294,0.0010103479562401615,6.447212274402175e-08,4.8723646136246255e-08,0.0010084842311978213,1.1198123966211404e-05,5.9571930303026464e-08,4.312591690949314e-08,0.0025885089059818718,4.763539741137054e-08,6.16130771030044e-08,1.0,0.02627914624141041,0.000602399252527897,0.0
34,106148,Yavapai College,0.000707873999521649,0.0006296598549857315,0.0007494681443680524,0.0008200495489218463,0.0010600091721800669,5.535633325838461e-08,3.163480652742543e-08,0.0009370277212321439,1.0404596905338102e-05,4.704010396603737e-08,2.0202792005055386e-08,0.0024184653667512646,3.965759667486014e-08,5.116459343383098e-08,1.0,0.00973303158108065,0.0009877983062817745,0.0
35,148292,Richland Community College,0.0009390879434013425,0.0009005439981101687,0.0007983254551979758,0.0011757477674891495,0.0013447244236456555,1.0322790369148597e-07,4.72312599724687e-08,0.0013072597088226348,1.4516486781203213e-05,9.208290834307434e-08,4.6784150207091084e-08,0.004147331773657484,6.66038631504218e-08,9.735289956716628e-08,1.0,0.023763578938585144,0.001192707103417266,0.0
36,146506,Lake Land College,0.0006332146104766177,0.0004889369673474588,0.0006288898851205397,0.0009161237275200556,0.0011138597813007346,8.1077185434017e-08,5.9441545527637735e-08,0.0005405934091006131,6.004404233289824e-06,8.396994881508137e-08,4.271378883734479e-08,0.0033276386385731227,5.825479499978864e-08,7.009523746844508e-08,1.0,0.018088887328946576,0.002998599117731519,0.0
37,155715,Pratt Community College,0.0017655769342311653,0.0016865425335567793,0.0016962912702038401,0.001894399525638755,0.0016029819337248293,2.0551127753081646e-07,2.1999511483502112e-07,0.0028988675694519867,3.219434315281833e-05,2.8371070169673504e-07,1.402562453823385e-07,0.010932522904962046,2.2528591054133657e-07,1.5616410119056017e-07,1.0,0.05590170421202383,0.0007955776378486124,0.0
38,149842,Harper College,0.0006169430563476589,0.0005172890078387127,0.0005900154146893785,0.0007630491012482478,0.0008820097607574704,5.950635484849596e-08,3.484324801430813e-08,0.0006895243007096006,7.657585008854032e-06,4.8832914007188574e-08,2.1626933801060543e-08,0.0025113135341943405,4.2755567673847406e-08,3.7263490148049234e-08,1.0,0.0113930078255208,0.0018516951854330131,0.0
39,223922,Clarendon College,0.0024659196456680737,0.002302817372617472,0.0024586899349832068,0.0026677731679895624,0.003053261341706675,1.9382019459138746e-07,1.4873571876055636e-07,0.0024581115581284174,2.7299892506646805e-05,1.6612466285643962e-07,9.525475728870493e-08,0.008444312005198356,1.5011560447694428e-07,1.6884864375106425e-07,1.0,0.06705846841168969,0.0006058596806654722,0.0
40,198376,Davidson County Community College,0.0007334980971961465,0.0006688781948240082,0.00073787745804968,0.0008532979463228066,0.0011352314661602833,6.500806332326429e-08,4.978735137898351e-08,0.001216492939775849,1.3509336895433011e-05,5.7262078448170835e-08,3.6093739789815896e-08,0.002374590587710255,4.146470160933327e-08,6.72958114588581e-08,1.0,0.01997465794328079,0.0005640654917294406,0.0
41,156851,Henderson Community College,0.001751678905010329,0.0016227429708571923,0.0010753634071019166,0.0021121678260652846,0.0025529426277681733,1.3031087478742414e-07,1.0906967656302079e-07,0.0033373250478069983,3.706215750684592e-05,1.637105553457171e-07,9.262417357957743e-08,0.006539854389612694,1.3226884590418374e-07,1.6697304920155905e-07,1.0,0.04332115577055547,0.0009474908620964344,0.0
42,383367,Greater Altoona Career & Technology Center,0.01702892156275422,0.014434711332203434,0.019026796419421104,0.021439381663002174,0.021439381663002174,1.453713102270108e-06,1.3267269655471145e-06,0.01437871029455444,0.00015969792630668043,1.14659389768078e-06,1.4555077296851064e-06,0.04343870820970911,8.156829413327134e-07,8.943369723429787e-07,1.0,0.5946765978290316,0.0004995342069519192,0.0
43,127200,Front Range Community College,0.00036394870715499754,0.0002992134945844877,0.0003401669586967969,0.00044330502489542834,0.0004928443468347919,2.2279320764601802e-08,1.646321037882736e-08,0.0005280858804261738,5.864554479595396e-06,2.4392876310872016e-08,9.846215952849437e-09,0.0012717145708865257,2.153144868454986e-08,1.960641867421517e-08,1.0,0.00486875791132636,0.0011305328919730387,0.0
44,156392,Bluegrass Community and Technical College,0.00027643083521690907,0.00023485882571359226,0.0002459344397163261,0.0003454611377686701,0.00041133796688909717,2.2147449605898963e-08,1.4594496167923546e-08,0.0005759723542005673,6.396421081558017e-06,1.9622656445078074e-08,1.1622235087557584e-08,0.0008691300123354276,2.031738440913174e-08,2.4046804689921134e-08,1.0,0.006249224885142565,0.0006421568392655148,0.0
45,156648,Elizabethtown Community and Technical College,0.0004027905873952152,0.00034281442780255715,0.0003832825523277085,0.0004890931244090716,0.0006196517539223525,3.697591300931115e-08,2.3901110218111694e-08,0.0008861984337120392,9.841908528116367e-06,3.2764170600344974e-08,2.603914856253471e-08,0.001717215474467995,3.339728051932506e-08,3.97139115654482e-08,1.0,0.010232441215034874,0.0006198411523210661,0.0
46,234377,Wytheville Community College,0.0003214209349539283,0.0002661382832123913,0.0002966263901529067,0.0004992070043419941,0.0009710380087406936,1.2007313038144052e-07,8.4258787891076e-08,0.0011442324957582,1.2713382497381734e-05,1.4679658773287318e-07,8.45035906764485e-08,0.0049038201407723605,8.445321605893453e-08,1.297171230426288e-07,1.0,0.04331259033379783,0.0008437593454287828,0.0
47,238759,Gateway Technical College,0.000534563183122084,0.00045318903933333086,0.00047725198169375703,0.000691166364451632,0.000796797506587589,4.4693593972222004e-08,3.747471126409414e-08,0.0007115422430632832,7.903162194654033e-06,3.7285156923412445e-08,2.3513976021039065e-08,0.001972906157117883,3.4796361207668545e-08,4.076360362975661e-08,1.0,0.015897393488346775,0.0008820527701118948,0.0
48,127909,Red Rocks Community College,0.0008618318624161492,0.0007031807350950845,0.0007901635386317419,0.0010216014629775467,0.0011912652498957353,5.453720800822104e-08,4.017773233040883e-08,0.001010932948992833,1.1228582814616704e-05,5.893939582218764e-08,2.8658233142972063e-08,0.0029768647598856363,5.315648978868341e-08,4.8517527642468564e-08,1.0,0.011708011019536552,0.0012810012183316736,0.0
49,157483,West Kentucky Community and Technical College,0.00039486472115343073,0.0003347532933007664,0.00038700611705342643,0.0005246695590508698,0.0006706741510141072,4.980229764007088e-08,3.459520935532576e-08,0.0007838656241036425,8.706799943842882e-06,4.542135327129153e-08,3.658921709209901e-08,0.0018750396969016046,3.297917124727028e-08,4.895402261080038e-08,1.0,0.0111908633764672,0.0006621951308009447,0.0
50,240125,Waukesha County Technical College,0.001370302991785437,0.0011819514969506307,0.001350737797748333,0.0014973307441158879,0.0018103738487095507,1.1143946402647911e-07,8.63697340550556e-08,0.0020806363424608894,2.3108589373715908e-05,1.0812355099883012e-07,6.127787511913163e-08,0.005562948863243939,9.208640297756206e-08,8.201641136370997e-08,1.0,0.0362423411847087,0.002084140556318281,0.0
51,147800,Oakton Community College,0.0006323632470239544,0.0005412563482837491,0.0006623577500617286,0.0008732179830276537,0.0010053286031490858,8.732373195238258e-08,5.619460539145671e-08,0.0006052895570160759,6.7271007540402835e-06,9.120220677913312e-08,2.78612464623464e-08,0.004325057289550819,6.575356277635987e-08,6.826355457882262e-08,1.0,0.01714495503361339,0.0025410022230980454,0.0
52,145831,Illinois Valley Community College,0.0011193977229235737,0.000948834092429176,0.0010289219267870563,0.0015546868310025968,0.001855602627041829,1.1647169260386278e-07,8.942948242528144e-08,0.00167548877362191,1.8612304658575634e-05,1.2308687651402117e-07,7.581549186781715e-08,0.004791877307213067,9.321565255461392e-08,1.0753428838302634e-07,1.0,0.025382493030178213,0.0010560646656280115,0.0
53,144564,Danville Area Community College,0.0010765594730077102,0.0010261631013182256,0.0010775103479452475,0.0015138034651186781,0.001440586094928295,9.986756361791037e-08,6.850453859480033e-08,0.0009448632941587743,1.0500366805719944e-05,1.1099029815970035e-07,6.288691082723651e-08,0.003914445724088211,7.741952885399105e-08,1.127533046048059e-07,1.0,0.023936543846345398,0.0014534229065850505,0.0
54,157711,Somerset Community College,0.0002646563665550895,0.00023946210182837586,0.0002719195780078358,0.0003490004095501057,0.0004372938237725527,3.158011355595073e-08,2.270537706212637e-08,0.0006809291729406109,7.562774562112044e-06,2.14727288214172e-08,1.6437758698126964e-08,0.0011711959460009849,1.9737372289589675e-08,3.495543623068272e-08,1.0,0.007398764235728807,0.0004502768142443367,0.0
55,175263,Minnesota State College-Southeast Technical,0.003538901075549877,0.0031511974800356017,0.0034069900889104046,0.0038217641129872147,0.004356519782303058,1.4522508897200975e-07,1.0831295375411224e-07,0.0030970566229105313,3.439956613071486e-05,1.7018725626995548e-07,9.756796815019795e-08,0.007524677565765859,1.5400833567649587e-07,1.2360315768371365e-07,1.0,0.043358354438981374,0.0006744826769751812,0.0
56,106625,Black River Technical College,0.0007833594973088974,0.0007101840255703543,0.0008026538111462084,0.001127369966985993,0.0013834841180708935,9.48646086722171e-08,7.880030589211508e-08,0.0015091115392782749,1.6764472318420287e-05,7.940715736820584e-08,5.248042630393304e-08,0.003801704785680557,6.371760404398229e-08,1.1026978138974238e-07,1.0,0.015949118935965175,0.0004499251700315128,0.0
57,156921,Jefferson Community and Technical College,0.00023866080968845617,0.0002110406834434584,0.00022802115016217297,0.00029691025881214793,0.0003629692896756705,2.0235731343717675e-08,1.647423555159736e-08,0.0004769784359463649,5.298264339238041e-06,1.9186946214926045e-08,8.955131956878766e-09,0.0009385856171784256,1.8347580179110776e-08,2.6049051622019578e-08,1.0,0.0058325424091131015,0.00065826462124184,0.0
58,219879,Cleveland State Community College,0.0006478866192547566,0.0005548631944870164,0.0006500782706236301,0.000960683972956752,0.0010320344008545215,7.494711104049676e-08,5.763306522639643e-08,0.001383429170330566,1.536891036903591e-05,7.605381729991269e-08,3.5865286618467925e-08,0.0033240146990586327,6.661768753521873e-08,8.550952350342544e-08,1.0,0.027326980490960762,0.0005881032402482639,0.0
59,155052,Flint Hills Technical College,0.009210748870279513,0.008662163665258722,0.009053433995310316,0.009909734010710417,0.010885892978468002,4.2647228143818173e-07,3.119147827426635e-07,0.006338743973405957,7.042188191510023e-05,4.438309752247966e-07,4.6977980857444706e-07,0.016019659356125808,3.8957036995406284e-07,3.3480732575121087e-07,1.0,0.09801009770820387,0.000607411568850502,0.0
60,187532,Central New Mexico Community College,0.00010937419070474804,8.137545430469232e-05,0.00011779590135762478,0.00018088970083901266,0.00021935344818149554,1.907862996000407e-08,1.3997991402203028e-08,0.00035896055985672404,3.987572310499913e-06,1.3790169511113976e-08,6.614028234679924e-09,0.0008338898163468211,1.5291679340753635e-08,1.952313168635398e-08,1.0,0.00525954018268265,0.0011377617040022581,0.0
61,156860,Hopkinsville Community College,0.0007702073001914728,0.0006692165074372372,0.0007237244378917937,0.0011224765256912831,0.001103925069437151,6.342718390774448e-08,4.6699606779720954e-08,0.0011985583406660943,1.3315553131840993e-05,6.877308128734771e-08,3.788178820779893e-08,0.002772305472336844,5.6045546853403964e-08,7.577807333644381e-08,1.0,0.017017426777230206,0.0005316439104964829,0.0
62,173708,Hennepin Technical College,0.0013590071487395315,0.001235530531943196,0.001203220659759304,0.0014588654379160632,0.0016403486673466376,7.53512318524942e-08,5.471826084383336e-08,0.0010707218418122032,1.1895689694469257e-05,6.92984033734723e-08,3.6957915885166505e-08,0.003202653802741437,6.700473877340127e-08,5.320105972316742e-08,1.0,0.01764630034866689,0.0008473396991840964,0.0
63,106999,University of Arkansas Community College-Batesville,0.0007171128203311844,0.0006704039027124403,0.0008147769208067403,0.000709681856164566,0.0014233198077373106,1.514231132349985e-07,1.4672568231538618e-07,0.0024814360267482937,2.7573530003872253e-05,1.5439651269747145e-07,1.235726968489394e-07,0.006342883477616065,1.2836976133992304e-07,2.1135657356819758e-07,1.0,0.029067037290712482,0.0004400440135472701,0.0
64,224891,Frank Phillips College,0.003311115012129212,0.0029414905463360976,0.003110477058273443,0.004277288688317019,0.00555997678368906,2.7258096891066967e-07,3.540700202226785e-07,0.0042917732464830775,4.769920883249981e-05,3.2054095039384013e-07,2.2625917915384784e-07,0.015825773267603486,2.907373346756375e-07,4.026529578751757e-07,1.0,0.1235876672323728,0.0007945571470559176,0.0
65,235343,Green River Community College,0.0006005168927180446,0.00047950820144597174,0.0005745015106878077,0.0007458313837726528,0.000964657911478416,5.396467174434517e-08,4.838994702358014e-08,0.000772738721758212,8.586445949313662e-06,5.103184757151608e-08,3.4595582074325824e-08,0.0027204732095305684,5.0640563738397954e-08,4.632649091346089e-08,1.0,0.017972474067566014,0.0008622316359422266,0.0
66,155830,Salina Area Technical College,0.011039584214920491,0.009154218015775102,0.00937564825873856,0.013395088538618729,0.016214312718957836,1.44385075592888e-06,1.4241145820995285e-06,0.008825281785285907,9.814031180682536e-05,1.1307529060254592e-06,1.2156418753558494e-06,0.045730322279195657,1.176289250857642e-06,9.184966496024689e-07,1.0,0.25919389019690364,0.0014506919544159409,0.0
67,144209,City Colleges of Chicago-Harold Washington College,0.00019419591837540625,0.0001732402809279266,0.000216601056436842,0.0003038195790937435,0.00038979567265296834,2.544210752042918e-08,2.0604916900141385e-08,0.00025884364575784843,2.877898317682132e-06,2.2420320255109242e-08,9.1893061500153e-09,0.0010312204014801716,1.9641781763606417e-08,3.45237471254551e-08,1.0,0.006145555539156373,0.000567338790710963,0.0
68,240116,Chippewa Valley Technical College,0.0009778454488295397,0.00084356313279646,0.0008777611992628284,0.0011334623384379689,0.001310936707836829,7.26236825358667e-08,6.724820664482285e-08,0.0014613768259159454,1.623498502106852e-05,8.649462358760579e-08,5.0998535728764814e-08,0.003764935575217063,7.477918697898564e-08,6.228193414982877e-08,1.0,0.02595519288092653,0.0009139463093465087,0.0
69,172617,Washtenaw Community College,0.000341487135972254,0.0002852087150748969,0.00034143190690365987,0.0004732636936377045,0.0005601942476047703,4.1002340535615164e-08,3.328131674616421e-08,0.0006702105522441573,7.446451473632523e-06,3.189123720946234e-08,1.7540315820605593e-08,0.0015022364706138182,3.0836211941936236e-08,4.1807422013977043e-08,1.0,0.009818684848577437,0.0011412592782829782,0.0
70,157331,Maysville Community and Technical College,0.0006245836192657995,0.0005803832975116047,0.0005954579335625091,0.0007613719834314127,0.0009714863550545111,6.691636749522903e-08,4.476967996365356e-08,0.001361938039434724,1.5130004856360654e-05,4.3330997921571114e-08,4.5757756940314145e-08,0.0020750985992750368,4.8452523260740737e-08,7.402944106188697e-08,1.0,0.01522055344889942,0.0004967283727599815,0.0
71,239488,Northeast Wisconsin Technical College,0.0006401721719623195,0.0005489375429532478,0.0005959452255341193,0.0007155830881026191,0.0008493232554453802,4.2161127542972194e-08,4.016826663355778e-08,0.0008201255258423318,9.111981866932221e-06,5.254021318296105e-08,4.1261701877206865e-08,0.0023371495131317807,4.9073202801795145e-08,3.8089246468276954e-08,1.0,0.01640495991749938,0.0009391675163781162,0.0
72,126207,Aims Community College,0.0008926687331071623,0.0007846978183589799,0.000792487500792867,0.0011228094774197268,0.0012639111934057078,6.402061180942854e-08,4.5364815398144396e-08,0.0009613954249605717,1.0683910369248326e-05,6.503788753963494e-08,3.4299520128345074e-08,0.0031257438986798474,6.460562080575289e-08,6.57007955295768e-08,1.0,0.013229159222581695,0.0007151822979046705,0.0
73,155618,Northwest Kansas Technical College,0.007580801435869205,0.006534630794498073,0.007194523045209095,0.008693766048958648,0.011228717987665624,6.207614449905056e-07,4.903924881427183e-07,0.00764518116764589,8.496422555363584e-05,6.972807960352647e-07,7.093168419956032e-07,0.030339036618927378,5.78411652681155e-07,4.903924881427183e-07,1.0,0.13176769453980028,0.0006133049643374637,0.0
74,157739,Southeast Kentucky Community and Technical College,0.0005700050375683387,0.0005195401324609127,0.0005472681023001577,0.0008018108654244275,0.0009215032685638353,6.457545000008268e-08,3.908420306120338e-08,0.0009825510154932398,1.0918619230448721e-05,5.896735062592981e-08,4.382914459824547e-08,0.0020426375157306443,4.5435294460455895e-08,7.820399044279368e-08,1.0,0.01509881424736984,0.0006565163034667833,0.0
75,157553,Big Sandy Community and Technical College,0.0004456522577095828,0.0003956450848779833,0.00044466126190651753,0.0006424030398412264,0.0007979893809224681,5.1551343559161974e-08,4.11077724037822e-08,0.0009646291367302065,1.0718328348546945e-05,4.132531069503117e-08,2.5111762145514302e-08,0.001753309335077353,3.932415018085157e-08,6.411064356743969e-08,1.0,0.012405980604903884,0.0005331648101648818,0.0
76,157438,Gateway Community and Technical College,0.0006945812200400859,0.0005899187282049397,0.0005350763860341242,0.0008817081128317148,0.0010511568880005166,7.74456059632284e-08,6.704966747480459e-08,0.001608318924669956,1.7867500326293464e-05,5.3092212242578124e-08,5.4130791106314956e-08,0.002641685254804297,6.383364322365138e-08,7.259938656219744e-08,1.0,0.016403597604924457,0.000663544070350009,0.0
77,239910,Southwest Wisconsin Technical College,0.002628435331616379,0.0023959713087578927,0.002429032858675544,0.0033065414960732073,0.004054903454105045,2.70444492213919e-07,3.015430126052098e-07,0.002755171272967376,3.0629694851700254e-05,3.019236633162752e-07,2.41789458680215e-07,0.01026289823343404,2.385436699459057e-07,2.3218696431504712e-07,1.0,0.08501885089983852,0.0014061911580982049,0.0
78,231882,Danville Community College,0.0007120740715120059,0.0006428923835528052,0.0007262438148289506,0.0009623665122869452,0.0012192079940907244,9.005116109519347e-08,6.347396186542827e-08,0.0006549188043512205,7.285479562644859e-06,7.657807558989581e-08,4.732662284724617e-08,0.0032983499105375433,6.388092522863405e-08,9.92969496876764e-08,1.0,0.028253887508088705,0.0007193375533803557,0.0
79,156231,Ashland Community and Technical College,0.0007628190912317245,0.0007009292985503407,0.0007055575786986876,0.0009279302946634513,0.0011537473121339616,6.57358148038977e-08,4.81268233557683e-08,0.001333604431387166,1.4819530422158637e-05,6.552440788285186e-08,4.269038532587802e-08,0.0025832400714408473,6.022894931133424e-08,8.923186547694688e-08,1.0,0.017516762690559535,0.000511923253422497,0.0
80,127617,Morgan Community College,0.004369993562491517,0.0041105283155555795,0.003928179674520106,0.004737502387485918,0.006449732027869666,2.863613417348498e-07,2.5121705519166943e-07,0.004508562463718914,5.010626384559845e-05,2.9334851671469875e-07,2.1195172269795342e-07,0.011888862637786796,2.6578252602628867e-07,2.9355085863911184e-07,1.0,0.05536776735305332,0.0009917239154664849,0.0
81,235334,Grays Harbor College,0.0009567901079994168,0.0008638095385428128,0.0008935502479296352,0.001329529438281515,0.002044777157985479,1.251212367622103e-07,1.3062817031350654e-07,0.0018955833795779582,2.106630313607325e-05,1.0185566808666726e-07,8.552914730956406e-08,0.0042650355010555654,9.281796670352532e-08,1.3563971205149402e-07,1.0,0.03931985405963323,0.0005201572756829917,0.0
82,155593,North Central Kansas Technical College,0.006825573598687096,0.005731931761842395,0.006355983768572836,0.007502353657676075,0.008656167507098165,6.498562675146237e-07,7.026463527758171e-07,0.005893217568750859,6.550819855538593e-05,5.394016087780945e-07,5.408204189302473e-07,0.0228282272941396,5.375918095728342e-07,3.2968719561258495e-07,1.0,0.10225094158610652,0.0007134618468828734,0.0
83,139010,Bainbridge State College,0.00045621652342039823,0.00041672651571653325,0.0004642799281347999,0.0006594556730167291,0.0008870917907233011,7.082486041576937e-08,5.656917438864118e-08,0.001566123506961093,1.7400922373922107e-05,4.167235061573053e-08,2.8839590772239455e-08,0.0025017368962904894,5.0188657648198256e-08,9.487379264704102e-08,1.0,0.014787160994549672,0.0003810614564028333,0.0
84,431105,Dutchess BOCES-Practical Nursing Program,0.03843927428440314,0.03492915241382609,0.03667525895658764,0.04071816718252013,0.04422605045496544,2.4127327615605977e-06,2.0028454436379834e-06,0.02126698801578288,0.0002364095338911478,1.9268180194243696e-06,1.891394348566506e-06,0.09827476374783048,1.974153349292186e-06,1.1817373823383853e-06,0.5379085736450795,1.0,0.000456979783076058,0.0
85,223898,Cisco College,0.0010284098138792304,0.000985525617248898,0.001051511945612345,0.0013010703027772465,0.0012721580540813128,5.3225146967854927e-08,7.109817343443215e-08,0.0015217164112462144,1.6913070967318013e-05,1.0228361572844034e-07,3.90597521575321e-08,0.004205437103596043,8.342185011766527e-08,1.122486487317462e-07,1.0,0.03195870580156549,0.000710236742105797,0.0
86,144193,City Colleges of Chicago-Richard J Daley College,0.000413849037577221,0.00038070208821473127,0.000448578378994704,0.000587579028457004,0.0008067819699697504,5.115826516749078e-08,4.367938061283857e-08,0.0005413565236927281,6.021908676196648e-06,6.69480662632171e-08,2.3726811636328526e-08,0.002415241851974184,4.760752181018193e-08,7.129617148030673e-08,1.0,0.012389641961143085,0.001308233683817868,0.0
87,236887,Walla Walla Community College,0.0006937518256430882,0.0005924391258389801,0.0007062662837284508,0.0009091093260859776,0.0010990026248595209,8.871194343046695e-08,5.1832379559777084e-08,0.001305872058079295,1.4513246325293059e-05,8.356303756262565e-08,6.216030924321615e-08,0.003417006726392613,7.228123270496749e-08,8.32267881118293e-08,1.0,0.02637080810381511,0.0008982271886204451,0.0
88,218894,Trident Technical College,0.00016264164376590903,0.00015424807947640569,0.00015950669806741983,0.0001801872269493889,0.000214418811431279,1.707894229419579e-08,1.2927667425712514e-08,0.0005056400977288362,5.617295374435003e-06,1.8242505933365005e-08,6.903414193302832e-09,0.0007357046610857048,1.6335656781812063e-08,2.00304034890709e-08,1.0,0.005688286819194911,0.0006088657693976378,0.0
89,187639,Clovis Community College,0.00158019589835452,0.0015544609588814947,0.001601270179497785,0.0017267026797639477,0.0018120129909304332,1.4378704654087794e-07,7.926732427149783e-08,0.0017984362905785222,1.9996082836723022e-05,1.2697506125158077e-07,5.3396516273656714e-08,0.005228072909326192,1.123385563752561e-07,1.8056050338975387e-07,1.0,0.03957712479966105,0.0011662078562805769,0.0
90,156338,Southcentral Kentucky Community and Technical College,0.0005882377762778855,0.0005397072118058481,0.0005362673058949949,0.0007489836497877566,0.0008683576819373659,6.695163752677978e-08,5.053305958470734e-08,0.0013613333871346426,1.5127302914579172e-05,5.136884803861198e-08,4.730807946001638e-08,0.0027147504221953413,6.221014382916553e-08,7.235685214473185e-08,1.0,0.015074518300751034,0.0006156640531346883,0.0
91,127884,Pueblo Community College,0.0006471995456273487,0.0006022724798238161,0.0006693466907417662,0.0008313372378643626,0.0009787036383717244,5.288532847340505e-08,4.015950858226358e-08,0.0008788657143638743,9.7678412686382e-06,4.169585357805682e-08,3.156457911945107e-08,0.0018913066338801016,3.9968083565274764e-08,6.258883173813499e-08,1.0,0.009593591545894176,0.0007263668008617427,0.0
92,105206,Mohave Community College,0.0011554447003558211,0.0011329390086255945,0.0012002524123979014,0.0012024927980000054,0.0015497525663261272,7.057428114641233e-08,6.178585944361342e-08,0.0013493398906470047,1.4996996966332435e-05,5.563435743932734e-08,4.68884021437806e-08,0.002719030179206048,5.8946777837444756e-08,9.312070716031361e-08,1.0,0.011846666629305351,0.0008254970025914121,0.0
93,226107,Lamar State College-Orange,0.0008408578191404973,0.0007204646750320068,0.0008988786114819385,0.0010364362399914386,0.0016543576784277877,1.5295316218067907e-07,1.451203552145845e-07,0.0024852637754175103,2.7630917220257416e-05,1.5709043728198532e-07,9.760803058949921e-08,0.0064306776546355126,1.5381126407355902e-07,2.074524146841456e-07,1.0,0.05538257839980804,0.0007596287098624796,0.0
94,156790,Hazard Community and Technical College,0.000607495795258446,0.0005696437759650145,0.0005888262356069432,0.0008044493915819924,0.0010190467475761898,8.001020083256172e-08,5.5216615295373614e-08,0.0012004081841907887,1.3343849027119808e-05,5.849729114727455e-08,5.855491187089897e-08,0.002215745005237904,5.529143786403694e-08,9.842835424477745e-08,1.0,0.016653161675740446,0.0004595754380196159,0.0
95,433138,Wayne County Schools Career Center,0.005647728695980837,0.001052031877990829,0.005711557818452921,0.012793815233616264,0.018954713141791275,1.2718685327633226e-06,1.5574344763449483e-06,0.012112508730707721,0.00013470997157461688,1.1850306517709827e-06,1.2639817730885212e-06,0.03163728225907046,1.011581956339139e-06,1.0928481238514097e-06,1.0,0.6020698242543664,0.000766188416485412,0.0
96,107549,Ozarka College,0.0011864228793157067,0.0011561488313990111,0.0012410734333471447,0.0013961787827385275,0.0013690500904495403,1.397767553860974e-07,8.842882476375366e-08,0.0025064893193196816,2.7860845173361375e-05,1.1840492513350494e-07,1.1031945783696947e-07,0.004953969167130476,1.0929615963213434e-07,1.8944903514887743e-07,1.0,0.022298639606676374,0.0003829811011628781,0.0
97,236382,Renton Technical College,0.001679076957746656,0.0013872738284684946,0.0016039526991013233,0.0022225574995191214,0.0027990302973138694,1.9222331805554715e-07,1.5347970929424506e-07,0.0019115831944442284,2.126069431171844e-05,1.9313609540881922e-07,1.749472083049887e-07,0.007824553403843179,1.714861737435437e-07,1.6732744815434445e-07,1.0,0.05408170263292251,0.001369217255915759,0.0
98,226204,Lee College,0.0006405098487844141,0.0005724880861367872,0.0007254031509863737,0.0008228831573002958,0.0007146910623804482,7.242924007830711e-08,6.043170083967056e-08,0.0008034228629995311,8.935678303174852e-06,6.307284466224312e-08,3.978339975920972e-08,0.0025530640019673628,6.527441471524494e-08,7.264565569027339e-08,1.0,0.020765132177926547,0.0007769104436998656,0.0
99,239460,Northcentral Technical College,0.001108425795396518,0.0010213813136857005,0.0010812171891928719,0.0012105733593644446,0.0014491098264633607,9.717186620029937e-08,9.742550574965541e-08,0.0010232259649537443,1.138063778363765e-05,1.0722429086439939e-07,7.059131533132622e-08,0.003989079331855445,9.097290581432827e-08,8.721193050612785e-08,1.0,0.028628893354046486,0.0009578561356424415,0.0
100,107637,Southeast Arkansas College,0.0009707118024611696,0.0008748127606569972,0.0010823776112931073,0.0015433236826342457,0.001627536767700192,1.1936252921999592e-07,7.517848326689364e-08,0.001539613855098301,1.7127904361325058e-05,1.1333405947408565e-07,8.991476779017202e-08,0.004952655188167494,1.1286836649292089e-07,1.78906053962054e-07,1.0,0.020840548084981387,0.0004146086548230479,0.0
101,238397,Blackhawk Technical College,0.0016018487984170533,0.001474723353618649,0.0016530111534177755,0.0018295646360982334,0.002230885617358135,1.3404597815347372e-07,9.32895258647629e-08,0.00175889121351249,1.9560433812881673e-05,1.4208079568902378e-07,1.143749447884219e-07,0.005411102917860648,1.2402287565021208e-07,1.4993168056941684e-07,1.0,0.04282032316754118,0.0006361810267424069,0.0
102,418065,Eastern Suffolk BOCES-Practical Nursing Program,0.022914282723898494,0.020224661172268617,0.02258028792823341,0.023953199227722096,0.026310431727896818,1.7092033868283289e-06,1.5407608192068518e-06,0.015254882842540578,0.00016966984702730065,1.5574752836645108e-06,1.5771936346903576e-06,0.0690473138751381,1.6037406441960907e-06,9.405482313562715e-07,1.0,0.6915301142959369,0.0006972058353307501,0.0
103,142179,Eastern Idaho Technical College,0.004536070769034006,0.004292160226652239,0.004750534252768316,0.005775625256627904,0.005399480752772651,4.5789155883993774e-07,3.6160523311155465e-07,0.006441239903036461,7.162224577197384e-05,5.10914581031444e-07,4.498471941348741e-07,0.01577929112356118,3.6395635072413374e-07,5.292312254500034e-07,1.0,0.0832875064801766,0.0006646159642136198,0.0
104,140012,Gwinnett Technical College,0.00041410271877713136,0.0003667203254490814,0.0004144948489288118,0.0005441592190844686,0.0006635628502711546,4.904740795004165e-08,4.775337844949628e-08,0.0006719609710196435,7.473275482846616e-06,5.20494043755181e-08,3.4361812288240805e-08,0.002195942128012932,4.778718157173673e-08,5.7403651551111955e-08,1.0,0.0095172081249621,0.000674281074417086,0.0
105,365240,Greene County Vocational School District,0.02598600447599832,0.025372259047186724,0.025879266140552824,0.027552389548660957,0.029815242260105446,2.9332408312986517e-06,3.0346422499718716e-06,0.016899903671200575,0.00018817410670329994,2.13352811192847e-06,2.9365202252269203e-06,0.0589734870454285,1.9473168308773477e-06,2.3912769330741518e-06,0.47061788306613767,1.0,0.0009238433133961349,0.0
106,420468,Western Suffolk BOCES,0.03259052335964225,0.030777622863395946,0.03269836278109775,0.033979255464830264,0.03645596751092486,1.3163550867577728e-06,1.2584812639099893e-06,0.010749445867522182,0.00011959006799599104,1.2152515180648551e-06,1.2018999312766079e-06,0.06326604590055546,1.0745389432557817e-06,8.7961684167023e-07,1.0,0.5345890213139523,0.0005538276768018785,0.0
107,105428,Phoenix College,0.0003141680740799892,0.0002949092343828746,0.00032938876996964426,0.0004034731775141899,0.00047390772430968555,3.167663772139276e-08,2.1325011384193675e-08,0.0004416025738500095,4.910853768963875e-06,2.632947698639084e-08,1.680371858024108e-08,0.0012619281913519042,2.8137515921854125e-08,3.5445352341733236e-08,1.0,0.00438849986258327,0.0007380566889457148,0.0
108,138682,Albany Technical College,3.852398348007849e-05,1.478457620295212e-05,3.8206399436237334e-05,0.0004401884029281799,0.0005452293254286421,6.04906951533967e-08,4.7652360181117996e-08,0.0006536445783949165,7.27352512999826e-06,3.5216938686331815e-08,6.051806978643167e-08,0.0017467291592906935,4.3869890471767785e-08,8.628061350369161e-08,1.0,0.011025582168197733,0.0004766311719589525,0.0
109,221184,Nashville State Community College,0.00029103186604739013,0.0002649523133468029,0.0002977591004895911,0.00042258155325618246,0.00047142311838449064,3.283957393253539e-08,2.9439095152847522e-08,0.0005990101880451372,6.659992580721265e-06,3.0967326622469994e-08,1.7359853333606905e-08,0.0013869260028508636,3.188307108837596e-08,4.3776876690217306e-08,1.0,0.010456436031591819,0.0006714892276176172,0.0
110,158884,Nunez Community College,0.0015087283448922198,0.0014641752667654186,0.0016295761791245732,0.0017173438308850958,0.002107422283154085,1.257065141414981e-07,1.1526617909547515e-07,0.0010517246679692372,1.1718393540869233e-05,1.589991155554465e-07,7.582481253204997e-08,0.004684808292043157,1.2731229063811136e-07,1.9160142783016708e-07,1.0,0.03184516782083704,0.000715568825278608,0.0
111,235103,Edmonds Community College,0.0005949587456534693,0.0004956470352298412,0.0006545119348683196,0.0007842769806859051,0.0009710574377688444,7.199895602810383e-08,6.222005166271082e-08,0.0010328100345399248,1.148509938362859e-05,7.22582506985379e-08,4.554775982035839e-08,0.003003056241930659,6.714083685923118e-08,7.445684100567583e-08,1.0,0.020383620677245372,0.001178816859234288,0.0
112,106883,East Arkansas Community College,0.0011757575854583232,0.0011464717952835801,0.0010740279985355316,0.0017907591791279272,0.0026419737909174983,2.613034620190649e-07,2.340599703696658e-07,0.0012320171297413823,1.3764192849493533e-05,2.787333296949322e-07,1.8122951235970513e-07,0.008901426101424421,2.145513911417657e-07,4.325249937173862e-07,1.0,0.04233269694327123,0.0007861795082653597,0.0
113,420538,Arkansas State University-Mountain Home,0.0023668349907345395,0.0022764197677003087,0.002494564432798771,0.002695487150652618,0.003208045104361411,1.6186863335639636e-07,1.1752211920151159e-07,0.004297128244401855,4.775379026874636e-05,1.800055890138369e-07,1.5036093497330934e-07,0.006704305418199832,1.5279280636922425e-07,1.9438144156229402e-07,1.0,0.08849645846241572,0.0005480743477942578,0.0
114,235750,Lower Columbia College,0.0003971446150888691,0.00034886136798008527,0.0003804996009539989,0.0005409143364141032,0.0007158140460068425,4.956355504025215e-08,3.523740737836957e-08,0.0009423641238883204,1.047691573878002e-05,4.7706908475447483e-08,3.65902181325329e-08,0.0018487550271791347,4.67567284788643e-08,6.149671718828567e-08,1.0,0.01532619755994823,0.00029740159145624984,0.0
115,234951,Clover Park Technical College,0.0007566259096487236,0.0006021162790106017,0.0008644962696087893,0.0012017445631375405,0.0015578122115012972,1.195518032502393e-07,9.52775629558124e-08,0.0017274591492893144,1.921126462351265e-05,1.0523546986282835e-07,8.126503314094565e-08,0.004486676586801335,1.0680515051974238e-07,1.294562667351994e-07,1.0,0.03264288611842575,0.0008355853766738538,0.0
116,155423,Washburn Institute of Technology,0.006857843709467887,0.006248828014991952,0.006512306848899047,0.00783305032564521,0.008621253955892708,6.404848237763471e-07,5.211936652891727e-07,0.010327167761867461,0.00011478840529188522,5.233749250552808e-07,5.867866785657861e-07,0.021156594409743854,5.119307057162078e-07,4.5787394348398453e-07,1.0,0.09300872378266682,0.0010507032240112838,0.0
117,158662,Delgado Community College,0.00015498620572926064,0.00014125374932620553,0.0001665116602103962,0.00022525358005138677,0.00025775669926511135,1.8221839372061767e-08,1.4795413155909871e-08,0.00037746983381771834,4.196252828165844e-06,1.7055234273936998e-08,8.092199422057088e-09,0.0006286667798398368,1.6054417778024005e-08,2.3117500987311793e-08,1.0,0.0036782975769585583,0.0005682083029484642,0.0
118,156107,Wichita Area Technical College,0.0015870252993679065,0.001480105407344984,0.0015374268261823133,0.0018544108399324549,0.0021332949884673657,1.4595362955604266e-07,1.3294475665822959e-07,0.0015604240421230383,1.73691759456868e-05,1.4018508222137046e-07,1.3050773825257066e-07,0.004719623676726507,1.4644076447866573e-07,1.6251558021126437e-07,1.0,0.0282713471152461,0.0008989966523054715,0.0
119,235671,Bates Technical College,0.0020400425406094345,0.001754551033865818,0.002178659801552435,0.0027128617006739256,0.003166495444518077,2.2261421350379512e-07,2.0587505329244722e-07,0.0015403698508925177,1.716737830199722e-05,2.0997852455501982e-07,1.878517054941857e-07,0.008832538538478808,2.1564261975118912e-07,2.3514140366984806e-07,1.0,0.06072218371202079,0.0017653101353469534,0.0
120,105145,GateWay Community College,0.0008072432532484723,0.000749883780348837,0.0008253672533660655,0.0009539281552991022,0.0012382359593415652,8.327999822750652e-08,6.820322010770655e-08,0.0006917276481033734,7.707453266778585e-06,8.64928017874509e-08,4.958568952537284e-08,0.0029675842342982775,8.701524152611535e-08,9.70804406419264e-08,1.0,0.011220477144987992,0.0010400669470667836,0.0
121,175041,Saint Paul College,0.0008547441941149377,0.0008265802660902107,0.0008253766794224873,0.0009838890435616562,0.001086434627651688,4.7789419474219624e-08,3.885880639971215e-08,0.0008034112227365357,8.936443506916516e-06,4.1574087149995423e-08,3.2921993057299155e-08,0.0018956661236955014,4.901334928415953e-08,6.253207764389321e-08,1.0,0.011360430961338604,0.0005831548625431575,0.0
122,418533,Lancaster County Career and Technology Center,0.007174594527733935,0.006606583400499967,0.006394304789446104,0.007899326973285012,0.009428396343532366,8.204648867014121e-07,9.49407558650145e-07,0.008118239290934307,9.036726942213141e-05,8.359604582860188e-07,8.645280074314841e-07,0.028359336540249865,8.161621476845353e-07,7.355854955209228e-07,1.0,0.35365972371380555,0.00047952614629297435,0.0
123,201131,Ashtabula County Technical and Career Campus,0.021990640980012018,0.020278766156565937,0.024878717413176044,0.026066316325313737,0.03228240506504404,2.3952867140793548e-06,2.423779970128723e-06,0.012537718353073407,0.00013987245481319118,2.1963397180589377e-06,2.426395133596526e-06,0.05060470843503018,1.98294527126574e-06,2.35358926603544e-06,1.0,0.4787489327538143,0.00046569563007681675,0.0
124,418515,Lenape Technical School Practical Nursing Program,0.03146842937153916,0.02892539562988199,0.03103221555453957,0.03289540542183036,0.038009316340272326,2.6148441558421364e-06,2.9306351159147096e-06,0.02837780807237187,0.0003157510985894634,2.638081277475135e-06,2.5993635655555426e-06,0.08167478347918312,2.3606421387411425e-06,2.0809584989363586e-06,0.9305793553680285,1.0,0.00040907748666430097,0.0
125,418454,Greater Johnstown Career and Technology Center,0.019965220028755407,0.019907198802173783,0.016033842373103468,0.021104545932540048,0.025176581107177746,2.0997605015564053e-06,1.9879377739627277e-06,0.015116931171215056,0.00016846521006588062,2.022422997669839e-06,2.3769208205889668e-06,0.06435145836369872,1.8769426224641925e-06,1.8115595079306198e-06,1.0,0.7556409669230044,0.00043316529859556397,0.0
126,239442,Nicolet Area Technical College,0.002400635361621428,0.002375555983611204,0.002879177006897602,0.0015777606344751466,0.0033651746834741127,3.532308635748972e-07,3.2750755558873467e-07,0.002710060660585413,3.0217954765392092e-05,3.6209763462877684e-07,2.5484025267765477e-07,0.008947369753830951,2.805254491598257e-07,4.5496534420566786e-07,1.0,0.08352496719339703,0.0006077987444040355,0.0
127,418409,York County School of Technology-Adult & Continuing Education,0.031943225656084887,0.03117679740033396,0.02844219990776041,0.031665366469709924,0.03612269091780822,2.973425625376424e-06,2.886826178956229e-06,0.02199818227708117,0.0002452105433210906,2.657295311780174e-06,2.9263593657569683e-06,0.091926077514779,2.7893289215844162e-06,2.5162314891286282e-06,0.6160634382399618,1.0,0.0023118589224153767,0.0
128,218113,Greenville Technical College,0.00028190387717242537,0.0002794615257788782,0.00029757563194768646,0.00038159930419513587,0.0003906224357324074,3.2404744915114665e-08,2.8490198376012655e-08,0.0006505632514095188,7.238230605845215e-06,3.630907730323802e-08,2.0133386330440268e-08,0.0009735642232061329,3.2988066081171517e-08,4.839498261738819e-08,1.0,0.0076781919355115935,0.0006149456269202891,0.0
